"sccsn","socname","Family","General_TL5_Final","Soc_TL5_Final","Gender_TL5_Final","Mar_TL5_Final","Sex_TL5_Final","FM_TL5_Final","latitude","longitude","Elevation","v84","v149","v150","v151","v152","v153","v154","v155","v156","v157","v158","v237","v238","v238.1","v238.2","v699","v761","v773","v774","v787","v789","v835","v861","v1253_rec","v1254_rec","v1255_rec","v1256_rec","v1257_rec","v1258_rec","v1259_rec","v1265","v1267","v1720_poppress","Adult.Mobility","Contact.OtherSocieties","extfreq","intfreq","oth","ovfreq","fam","chrs","PatriDescent","MatriDescent","Predom_MultiplePatterns","Predom_A","Predom_M","Predom_P","P_M","Predom_M_12_0","MatrilinealDes_Copy","Predom_P_12_0","Predom_Bilocal","LocalizedKin","subsistence","agriculture","horticulture","huntergatherer","pastoralism","other","pathogensum","pathogendummy","Zpathogensum","Zpathogendummy","v774_rev","v773_rev","Zv773_rev","Zv774_rev","extfreq_rec","Zextfreq_rec","intfreq_rec","Zintfreq_rec","v1265_dum","Zfam","Zchrs","Zv1265_dum","Zv1267","famine_index","Zoth","Zv1720_poppress","v151_2","v153_2","v155_2","complexity","Res_Hetero","mobility","contact2","v761_rev","Zv761","Zv761_rev","Zv238_rec","polygamy","threat_fam","threat_path"
1,"Nama Hottentot","Khoe-Kwadi",3.125,,2.875,2.625,3,3.125,-27.5,17,770.5085225,1,1,1,1,2,4,2,1,1,3,2,2,1,1,1,3,,,,,,2,3,0,0,0,0,0,0,1,4,4,,,,5,5,2,5,,,1,0,0,0,0,2,1,0,0,1,0,1,"Other",0,0,0,0,1,1,1,-1.06142848524035,0.463170239634852,,,,,5,1.33602447492013,5,1.50392419801737,1,,,0.582575265003535,0.790802186649041,0.686688725826288,-0.563808453733909,,1,2,1,-0.694823276277028,0,,,,,,-0.557350770119123,1,0.0614401360461896,-1.06142848524035
2,"Kung Bushmen","Kxa",2.25,1.75,3,2.25,3,,-20,21,1024.89,1,2,1,1,1,1,1,1,1,2,1,1,3,3,3,,4,3,4,3,1,1,3,0,1,1,0,0,0,0,2,,0,0.904256813,1.816349659,1,1,4,1,,3,0,0,2,0,0,0,3,0,0,0,1,0,"Hunter Gatherer",0,0,1,0,0,2,1,-0.601228722408868,0.463170239634852,1,2,-0.414619578806056,-1.59020198722239,1,-1.06511652158111,1,-0.964053973088056,0,,1.70179587004312,-1.70611327608178,,-0.0021587030193323,1.15628513392886,-0.563830877642601,1,1,1,-1.09653061741214,1,0.904256813,-1.816349659,1,1.39338923104329,-1.39338923104329,-0.557350770119123,1,0.19676518442231,-0.868683429479105
3,"Thonga","Atantic-Congo",,,,,,,-12,34,0.76,3,1,4,4,1,4,1,3,5,4,3,3,,,,3,,,,,,3,4,0,0,1,1,0,0,1,4,3,0,,,0,0,,0,3,,1,0,,,,,,,0,,,1,,,,,,,3,1,-0.141028959577389,0.463170239634852,,,,,,,,,1,1.0298531866223,,0.582575265003535,-0.174712111003858,0.479238780207325,,-0.563830877642601,3,2,2,0.0456704828824149,,,,,,,,1,-0.0422960487176377,-0.141028959577389
4,"Lozi","Atantic-Congo",,,,,,,-16,23.5,1050.433449,1,1,3,5,4,3,1,1,3,5,4,4,2,2,2,,2,3,2,1,1,4,4,0,1,1,1,1,1,1,4,,1,0.904256813,-0.861996448,2.5,3.5,,3.5,,1,0,0,,,,,,,0,,,0,,,,,,,6,1,1.23957032891705,0.463170239634852,3,2,-0.414619578806056,0.00987703097653663,2.5,-0.164688647893145,3.5,0.578432383852833,1,,-0.721473330018279,0.582575265003535,,-0.0694490325073722,,1.75084325162702,4,2,1,0.191640771369361,,0.904256813,0.861996448,3,-0.979511241624492,0.979511241624492,-0.557350770119123,1,0.840697109559826,0.278275927029177
5,"Mbundu","Atantic-Congo",,,,,,,-12,16,1655.28,4,1,5,4,2,4,1,4,3,4,4,3,2,2,2,4,,,,,,3,4,0,1,1,0,1,1,1,4,4,,,,5,2,,5,1,,1,1,,,,,,,1,,,1,,,,,,,5,1,0.77937056608557,0.463170239634852,,,,,5,1.33602447492013,2,-0.3470594303117,1,-0.986942637179703,,0.582575265003535,0.790802186649041,0.128811604824291,,,3,2,3,0.216639472816175,,,,,,,-0.557350770119123,1,0.128811604824291,0.77937056608557
6,"Suku","Atantic-Congo",,,,,,,-6,18,875.0457515,1,1,4,4,1,4,1,4,3,5,3,4,2,2,2,,3,2,3,2,1,4,4,1,1,1,1,1,1,1,4,3,0,0.904256813,0.477176605,3.75,2.75,,3.75,,,0,1,,,,,,,1,,,0,,,,,,,7,1,1.69977009174853,0.463170239634852,2,3,0.3515252950747,-0.790162478122927,3.75,0.585667913513491,2.75,0.115686476770567,1,,,0.582575265003535,-0.174712111003858,0.203931576999839,,-0.563830877642601,3,2,3,0.0969888571366598,,0.904256813,-0.477176605,2,0.206938994709399,-0.206938994709399,-0.557350770119123,1,-0.179949650321381,0.420377636233434
7,"Bemba","Atantic-Congo",,,,,,,-10.5,30.5,1228.933626,1,2,4,4,2,4,1,1,2,5,3,3,3,3,3,4,,,,,,4,3,0,1,1,1,1,0,0,4,4,,,,5,5,,5,,,0,1,,,,,,,1,,,0,,,,,,,4,1,0.31917080325409,0.463170239634852,,,,,5,1.33602447492013,5,1.50392419801737,1,,,0.582575265003535,0.790802186649041,0.686688725826288,,,3,2,1,-0.0179764814705465,,,,,,,-0.557350770119123,1,0.686688725826288,0.31917080325409
8,"Nyakyusa","Atantic-Congo",3.125,,3.375,2.5,3.25,3.875,-9.5,34,1026.743062,4,1,4,5,2,4,1,2,4,4,1,3,2,2,2,,3,1,1,2,2,3,4,0,1,1,1,1,1,1,4,2,0,0.904256813,0.477176605,1,1,2,1,1,1,1,0,0,0,0,0,,0,0,0,0,0,"Intensive Agriculture",1,0,0,0,0,6,1,1.23957032891705,0.463170239634852,4,4,1.11767016895546,0.809916540076,1,-1.06511652158111,1,-0.964053973088056,1,-0.986942637179703,-0.721473330018279,0.582575265003535,-1.14022640865676,-0.566516777712801,-0.563808453733909,-0.563830877642601,4,2,2,-0.0173454319803599,0,0.904256813,-0.477176605,2,0.206938994709399,-0.206938994709399,-0.557350770119123,1,-0.56471870302977,1.0557190126495
9,"Hadza","Hadza",,,,,,,-3.75,35.18,1320.193027,1,1,1,1,1,1,1,1,1,1,1,1,1,1,1,1,,,,,,1,2,0,0,1,1,1,1,1,,,,,,8,1,3,1,1,1,0,0,1,0,0,1,2,0,0,1,0,0,,,,,,,5,1,0.77937056608557,0.463170239634852,,,,,,,1,-0.964053973088056,,-0.986942637179703,-0.721473330018279,,,-0.854207983598991,0.296238340097478,,1,1,1,-1.24924267636864,0,,,,,,-0.557350770119123,0,-0.278984821750757,0.77937056608557
10,"Luguru","Atantic-Congo",,,,,,,-6.83,37.67,451.9252396,1,1,5,4,3,4,1,2,5,2,2,1,2,2,2,,,,,,,1,3,0,0,1,1,1,1,0,4,3,,,,1.5,1,,1.5,,3,0,1,,,,,,,1,,,1,,,,,,,4,1,0.31917080325409,0.463170239634852,,,,,1.5,-0.764973897018453,1,-0.964053973088056,1,,1.70179587004312,0.582575265003535,-0.174712111003858,0.703219674680931,,,3,2,2,0.0156482996257267,,,,,,,-0.557350770119123,1,0.703219674680931,0.31917080325409
11,"Kikuyu","Atantic-Congo",,,,,,,-0.67,37.17,1467.02288,1,1,5,5,2,4,1,2,5,2,2,1,3,3,3,4,3,3,2,2,3,1,4,0,1,1,1,1,1,1,4,4,0,-0.327403329,0.477176605,2.5,1,,2.5,,,1,0,,,,,,,0,,,1,,,,,,,6,1,1.23957032891705,0.463170239634852,3,2,-0.414619578806056,0.00987703097653663,2.5,-0.164688647893145,1,-0.964053973088056,1,,,0.582575265003535,0.790802186649041,0.686688725826288,,-0.563830877642601,4,2,2,0.01040701747184,,-0.327403329,-0.477176605,2,0.206938994709399,-0.206938994709399,-0.557350770119123,1,0.0614289240918436,0.278275927029177
12,"Ganda","Atantic-Congo",4,3.5,3.875,3.125,3.125,4,0.33,32.5,1154.083676,1,2,5,5,2,4,1,4,5,5,4,4,2,2,2,,1,3,1,1,1,4,4,0,1,1,1,1,1,1,4,3,0,0.904256813,-0.861996448,5,4.5,2,5,3.5,,1,0,1,0,0,0,,0,0,0,0,0,"Intensive Agriculture",1,0,0,0,0,6,1,1.23957032891705,0.463170239634852,4,2,-0.414619578806056,0.809916540076,5,1.33602447492013,4.5,1.19542692662919,1,1.5340521425728,,0.582575265003535,-0.174712111003858,0.647305098857492,-0.563808453733909,-0.563830877642601,4,2,3,0.564154086746875,0,0.904256813,0.861996448,4,-2.16596147795838,2.16596147795838,-0.557350770119123,1,-0.160111410839672,0.544955763395664
13,"Mbuti","Atantic-Congo",1.25,1.75,1,2,1.25,1.75,1.5,28.33,717.1634058,1,1,1,1,1,1,1,1,1,1,1,1,1,1,1,1,4,4,4,2,1,1,3,0,0,1,1,1,1,1,1,1,0,0.904256813,0.477176605,0,0,1,0,1,1,0,0,2,0,0,0,3,0,0,0,1,0,"Hunter Gatherer",0,0,1,0,0,5,1,0.77937056608557,0.463170239634852,1,1,-1.18076445268681,-1.59020198722239,,,,,0,-0.986942637179703,-0.721473330018279,-1.70611327608178,-2.10574070630965,-1.38006748739735,-1.4238552475653,-0.563830877642601,1,1,1,-1.24924267636864,1,0.904256813,-0.477176605,1,1.39338923104329,-1.39338923104329,-0.557350770119123,1,-1.12258453753508,-0.663865291274544
14,"Nkundo Mongo","Atantic-Congo",,,,,,,-0.75,19.17,343.8233317,1,1,5,4,2,4,1,5,2,3,3,3,2,2,2,,,,,,,3,4,1,1,1,1,1,1,1,,,,,,0,3.5,,3.5,,,1,0,,,,,,,0,,,1,,,,,,,7,1,1.69977009174853,0.463170239634852,,,,,,,3.5,0.578432383852833,,,,,,,,,3,2,4,0.0947312758378489,,,,,,,-0.557350770119123,1,,1.69977009174853
15,"Banen","Atantic-Congo",,,,,,,4.67,10.8,672.715888,1,1,5,4,3,4,1,3,3,3,2,1,2,2,2,3,,,,,,1,4,1,1,1,1,1,1,1,2,,,,,0,0,,0,,1,1,0,,,,,,,0,,,1,,,,,,,7,1,1.69977009174853,0.463170239634852,,,,,,,,,0,,-0.721473330018279,-1.70611327608178,,-1.21379330305003,,,3,2,2,-0.0282626674544112,,,,,,,-0.557350770119123,1,-1.21379330305003,1.69977009174853
16,"Tiv","Atantic-Congo",,,,,,,7.25,9,171.1927008,2,1,5,4,4,4,1,1,4,3,2,2,1,1,1,,3,2,2,1,2,2,4,1,1,1,1,1,1,1,4,4,1,0.904256813,-0.861996448,4,5,,5,,,1,0,,,,,,,0,,,1,,,,,,,7,1,1.69977009174853,0.463170239634852,3,3,0.3515252950747,0.00987703097653663,4,0.735739225794818,5,1.50392419801737,1,,,0.582575265003535,0.790802186649041,0.686688725826288,,1.75084325162702,3,2,1,0.0123171245186593,,0.904256813,0.861996448,2,0.206938994709399,-0.206938994709399,-0.557350770119123,1,1.21876598872666,0.687057472599922
17,"Ibo","Atantic-Congo",,,,,,,6,7,69.68,2,1,5,4,5,4,1,4,5,3,2,2,2,2,2,2,,,,,,2,4,1,0,1,1,1,1,1,4,4,,,,1,3.75,,3.75,,1,1,0,,,,,,,0,,,1,,,,,,,6,1,1.23957032891705,0.463170239634852,,,,,1,-1.06511652158111,3.75,0.732681019546922,1,,-0.721473330018279,0.582575265003535,0.790802186649041,0.217301373878099,,,3,2,3,0.338584940494878,,,,,,,-0.557350770119123,1,0.217301373878099,1.23957032891705
18,"Fon","Atantic-Congo",,,,,,,7.2,1.91,136.0613835,1,3,5,4,5,5,1,4,4,5,4,4,1,1,1,,3,4,1,1,1,4,4,1,1,1,1,1,1,1,4,3,0,,-0.861996448,5,1.5,,5,1,1,1,0,,,,,,,0,,,1,,,,,,,7,1,1.69977009174853,0.463170239634852,4,1,-1.18076445268681,0.809916540076,5,1.33602447492013,1.5,-0.655556701699878,1,-0.986942637179703,-0.721473330018279,0.582575265003535,-0.174712111003858,-0.325138203299576,,-0.563830877642601,3,3,3,0.876973895070571,,,0.861996448,2,0.206938994709399,-0.206938994709399,-0.557350770119123,1,-0.444484540471089,0.442974059712572
19,"Ashanti","Atantic-Congo",,,,,,,7,-1.5,250.6974991,1,1,5,4,3,4,1,4,4,5,3,3,2,2,2,4,,,,,,3,4,1,0,1,1,1,1,1,2,,,,,2,1,,2,,,1,1,,,,,,,1,,,0,,,,,,,6,1,1.23957032891705,0.463170239634852,,,,,2,-0.464831272455799,1,-0.964053973088056,0,,,-1.70611327608178,,-1.70611327608178,,,3,2,3,0.368662652753809,,,,,,,-0.557350770119123,1,-1.70611327608178,1.23957032891705
20,"Mende","Mande",,,,,,,8,-11,85.96,1,1,5,4,2,5,1,3,4,3,4,2,2,2,2,,3,1,1,1,1,2,4,1,1,1,1,1,1,1,2,,,0.904256813,-0.861996448,1.5,1.5,,1.5,,,1,0,,,,,,,0,,,1,,,,,,,7,1,1.69977009174853,0.463170239634852,4,4,1.11767016895546,0.809916540076,1.5,-0.764973897018453,1.5,-0.655556701699878,0,,,-1.70611327608178,,-1.70611327608178,,,3,3,2,0.261597147362727,,0.904256813,0.861996448,2,0.206938994709399,-0.206938994709399,-0.557350770119123,1,-1.70611327608178,1.20911893359333
21,"Wolof","Atantic-Congo",2.375,,2.625,3.75,2.875,3,13.75,-15.33,33.30326518,1,4,5,4,2,5,2,3,5,4,5,3,4,4,4,4,,,,,,3,4,1,0,1,1,1,1,1,4,,1,,,1,1,3,1,2,3,1,1,1,0,0,1,,0,1,1,0,1,"Horticulturalists",0,1,0,0,0,6,1,1.23957032891705,0.463170239634852,,,,,1,-1.06511652158111,1,-0.964053973088056,1,0.0214552747212978,1.70179587004312,0.582575265003535,,0.768608803255983,0.296238340097478,1.75084325162702,3,3,2,0.768068483791707,0,,,,,,1.78352246438119,1,0.938563464993495,1.23957032891705
22,"Bambara","Mande",3,4,3.75,3.25,2.25,4,12.5,-7,325.3083142,1,3,5,5,4,5,3,3,3,3,4,2,1,1,1,,2,,2,1,2,2,4,1,1,1,1,1,1,1,4,,0,-0.327403329,-0.861996448,8,8,3,3,,,1,0,0,0,0,2,1,0,0,1,0,1,"Pastoralists",0,0,0,1,0,7,1,1.69977009174853,0.463170239634852,3,,,0.00987703097653663,,,,,1,,,0.582575265003535,,0.582575265003535,0.296238340097478,-0.563830877642601,4,3,2,0.712897572499722,0,-0.327403329,0.861996448,3,-0.979511241624492,0.979511241624492,-0.557350770119123,1,0.104994242486137,0.854823561362532
23,"Tallensi","Atantic-Congo",3.25,3,2.75,3.25,3.25,3.75,10.66,-0.57,206.4969174,1,1,5,5,4,4,1,3,5,2,2,1,1,1,1,2,2,2,1,2,1,1,4,1,1,1,1,1,1,1,4,4,0,-0.327403329,0.477176605,1,1,4,1,2,2,1,0,1,0,0,1,2,0,0,1,0,1,"Intensive Agriculture",1,0,0,0,0,7,1,1.69977009174853,0.463170239634852,4,3,0.3515252950747,0.809916540076,1,-1.06511652158111,1,-0.964053973088056,1,0.0214552747212978,0.490161270012419,0.582575265003535,0.790802186649041,0.471248499096573,1.15628513392886,-0.563830877642601,4,2,2,0.15355587644548,0,-0.327403329,-0.477176605,3,-0.979511241624492,0.979511241624492,-0.557350770119123,1,0.354567585127612,0.95373730896641
24,"Songhai","Songhay",3.75,3.25,3.25,3.75,,,16.58,-1.67,276.2189125,1,4,5,5,4,4,2,1,3,3,5,4,4,4,4,,,,,,,4,3,1,0,1,1,1,1,1,,,,,,2,1,2,2,,,1,0,1,0,0,1,2,0,0,1,0,0,"Pastoralists",0,0,0,1,0,6,1,1.23957032891705,0.463170239634852,,,,,2,-0.464831272455799,1,-0.964053973088056,,,,,,,-0.563808453733909,,4,2,1,0.508782547940074,0,,,,,,1.78352246438119,1,-0.563808453733909,1.23957032891705
25,"Pastoral Fulani","Atantic-Congo",3,3.25,2.75,3.75,2.75,,15,7.5,442.0664407,1,1,1,2,2,1,2,1,2,3,1,2,4,4,4,2,,,,,,2,4,0,0,1,1,1,1,0,4,4,0,,,1,2.5,3,2.5,3,2,1,0,0,0,0,2,1,0,0,1,0,0,"Pastoralists",0,0,0,1,0,4,1,0.31917080325409,0.463170239634852,,,,,1,-1.06511652158111,2.5,-0.0385621589235222,1,1.0298531866223,0.490161270012419,0.582575265003535,0.790802186649041,0.723347977071823,0.296238340097478,-0.563830877642601,2,1,1,-0.793110571675839,0,,,,,,1.78352246438119,1,0.151918479842233,0.31917080325409
26,"Hausa","Afro-Asiatic",3.875,,3.875,3.375,3.625,,10.5,7.5,656.931444,4,5,5,5,5,4,2,3,4,5,5,4,4,4,4,,2,2,1,1,1,4,4,1,1,1,1,1,1,1,4,3,0,-0.327403329,-0.861996448,4.5,4.5,4,4.5,4,2,1,0,0,0,0,2,1,0,0,1,0,1,"Intensive Agriculture",1,0,0,0,0,7,1,1.69977009174853,0.463170239634852,4,3,0.3515252950747,0.809916540076,4.5,1.03588185035747,4.5,1.19542692662919,1,2.0382510985233,0.490161270012419,0.582575265003535,-0.174712111003858,0.734068880633849,1.15628513392886,-0.563830877642601,4,2,2,0.977091522099539,0,-0.327403329,0.861996448,3,-0.979511241624492,0.979511241624492,1.78352246438119,1,0.442174378973371,0.95373730896641
27,"Massa (Masa)","Afro-Asiatic",,,,,,,10.5,15.5,331.5446465,3,1,5,5,3,4,1,1,4,2,1,1,2,2,2,3,,,,,,1,4,1,1,1,1,1,1,1,4,4,,,,5,8,2,5,3,1,1,0,0,0,0,2,1,0,0,1,0,1,,,,,,,7,1,1.69977009174853,0.463170239634852,,,,,5,1.33602447492013,,,1,1.0298531866223,-0.721473330018279,0.582575265003535,0.790802186649041,0.420439327064149,-0.563808453733909,,4,2,1,-0.145826992127303,0,,,,,,-0.557350770119123,1,-0.0716845633348799,1.69977009174853
28,"Azande","Atantic-Congo",,,,,,,5,27,615.45,1,2,5,4,2,4,1,4,2,4,3,3,3,3,3,,2,1,1,1,1,3,4,1,1,1,1,1,1,1,4,,0,-0.327403329,-0.861996448,5,5,,5,,,1,0,,,,,,,0,,,0,,,,,,,7,1,1.69977009174853,0.463170239634852,4,4,1.11767016895546,0.809916540076,5,1.33602447492013,5,1.50392419801737,1,,,0.582575265003535,,0.582575265003535,,-0.563830877642601,3,2,3,0.152213993459966,,-0.327403329,0.861996448,3,-0.979511241624492,0.979511241624492,-0.557350770119123,1,0.0093721936804671,1.20911893359333
29,"Fur (Darfur)","Furan",3.25,4,3.25,3.75,2,2.25,13.5,25.5,675.3965036,1,5,5,5,2,5,2,2,3,5,3,4,4,4,4,4,,,,,,4,3,0,0,0,1,1,1,1,4,3,0,,,4.5,8,2,4.5,2,1,0,1,0,0,0,0,,0,1,0,0,0,"Intensive Agriculture",1,0,0,0,0,4,1,0.31917080325409,0.463170239634852,,,,,4.5,1.03588185035747,,,1,0.0214552747212978,-0.721473330018279,0.582575265003535,-0.174712111003858,-0.073038725324326,-0.563808453733909,-0.563830877642601,4,3,2,0.72195549457798,0,,,,,,1.78352246438119,1,-0.400226018900278,0.31917080325409
30,"Otoro Nuba","Heibanic",3,3.75,2.75,3.75,2.25,,11.33,30.67,671.8419844,3,2,5,5,4,4,1,1,3,1,2,2,,,,,3,1,1,1,3,2,4,1,1,1,1,1,1,1,4,3,,0.904256813,-0.861996448,5,4,4,5,4,4,1,0,1,0,0,1,2,0,0,1,0,1,"Intensive Agriculture",1,0,0,0,0,7,1,1.69977009174853,0.463170239634852,4,4,1.11767016895546,0.809916540076,5,1.33602447492013,4,0.886929655241011,1,2.0382510985233,2.91343047007381,0.582575265003535,-0.174712111003858,1.3398861806492,1.15628513392886,,4,2,1,-0.0865476946959246,0,0.904256813,0.861996448,2,0.206938994709399,-0.206938994709399,,1,1.24808565728903,1.20911893359333
31,"Shilluk","Nilotic",,,,,,,9.75,31.5,399.8861555,1,1,5,4,4,4,1,1,4,3,5,2,2,2,2,4,1,1,2,1,1,2,4,1,0,1,1,1,0,1,4,4,0,-1.559063471,-0.861996448,3,3.5,,3.5,,1,1,0,,,,,,,0,,,1,,,,,,,5,1,0.77937056608557,0.463170239634852,3,4,1.11767016895546,0.00987703097653663,3,0.13545397666951,3.5,0.578432383852833,1,,-0.721473330018279,0.582575265003535,0.790802186649041,0.217301373878099,,-0.563830877642601,3,2,1,0.217350306311502,,-1.559063471,0.861996448,4,-2.16596147795838,2.16596147795838,-0.557350770119123,1,-0.173264751882251,0.635639255339187
32,"Mao","Blue Nile Mao",2.75,3,2,3,3,4,9.27,34.67,1504.964254,1,1,5,4,1,4,1,3,3,2,1,2,2,2,2,,,,,,,2,,1,0,1,1,1,1,1,,,,,,0,0,2,0,,1,1,0,0,0,0,2,1,0,0,1,0,1,"Horticulturalists",0,1,0,0,0,6,1,1.23957032891705,0.463170239634852,,,,,,,,,,,-0.721473330018279,,,-0.721473330018279,-0.563808453733909,,3,2,2,-0.324314360920128,0,,,,,,-0.557350770119123,,-0.642640891876094,1.23957032891705
33,"Kaffa (Kafa)","Ta-Ne-Omotic",,,,,,,7.27,36.5,1807.381104,4,2,5,5,1,5,2,2,4,5,4,5,2,2,2,4,,,,,,4,4,1,0,1,1,1,1,1,3,,,,,3.5,8,,3.5,,,1,0,,,,,,,0,,,,,,,,,,6,1,1.23957032891705,0.463170239634852,,,,,3.5,0.435596601232164,,,1,,,0.582575265003535,,0.582575265003535,,,4,3,2,0.578499307656624,,,,,,,-0.557350770119123,1,0.582575265003535,1.23957032891705
34,"Masai","Nilotic",3.25,2.5,3.875,3.125,2.875,2.625,-3.5,36.75,1202.091964,1,1,1,1,3,4,2,2,2,2,1,2,,,,,3,1,1,1,3,2,4,0,1,1,1,1,1,0,4,4,,-0.327403329,-0.861996448,5,4,4,5,3,,1,0,1,0,0,1,2,0,0,1,0,0,"Pastoralists",0,0,0,1,0,5,1,0.77937056608557,0.463170239634852,4,4,1.11767016895546,0.809916540076,5,1.33602447492013,4,0.886929655241011,1,1.0298531866223,,0.582575265003535,0.790802186649041,0.801076879424958,1.15628513392886,,1,2,2,-0.616687636127268,0,-0.327403329,0.861996448,2,0.206938994709399,-0.206938994709399,,1,0.978681006676911,0.902319091705675
35,"Konso","Afro-Asiatic",3.25,,,,,,5.25,37.5,1395.608574,3,1,5,5,5,5,2,1,5,3,2,1,2,2,2,3,,,,,,2,3,0,0,1,1,1,0,0,4,4,,,,8,0,,8,2,1,1,0,1,0,0,1,2,0,0,1,0,1,"Intensive Agriculture",1,0,0,0,0,3,1,-0.141028959577389,0.463170239634852,,,,,,,,,1,0.0214552747212978,-0.721473330018279,0.582575265003535,0.790802186649041,0.168339849088899,,,4,3,1,0.459843100710631,0,,,,,,-0.557350770119123,1,0.168339849088899,-0.141028959577389
36,"Somali","Afro-Asiatic",3.25,,4,3,,3.25,8,48,563.87,2,4,1,2,4,4,2,3,3,3,2,3,4,4,4,,4,1,1,1,1,3,4,0,0,1,1,1,1,1,4,3,1,0.904256813,-0.861996448,4.75,5,2,4.75,2,,1,0,0,0,0,2,1,0,0,1,0,1,"Pastoralists",0,0,0,1,0,5,1,0.77937056608557,0.463170239634852,4,4,1.11767016895546,0.809916540076,4.75,1.1859531626388,5,1.50392419801737,1,0.0214552747212978,,0.582575265003535,-0.174712111003858,0.143106142906992,-0.563808453733909,1.75084325162702,2,2,2,-0.0571816658086889,0,0.904256813,0.861996448,1,1.39338923104329,-1.39338923104329,1.78352246438119,1,0.443380313600036,0.902319091705675
37,"Amhara","Afro-Asiatic",3.125,3.875,3.5,2.625,3.125,3.75,12.5,37.75,2034.185912,5,5,5,5,3,5,2,3,4,5,5,4,4,4,4,4,2,2,1,1,1,4,1,0,0,1,0,1,1,1,4,4,0,-1.559063471,-0.861996448,5,8,1,5,2,1,0,0,1,0,0,1,2,0,0,1,0,0,"Intensive Agriculture",1,0,0,0,0,4,1,0.31917080325409,0.463170239634852,4,3,0.3515252950747,0.809916540076,5,1.33602447492013,,,1,0.0214552747212978,-0.721473330018279,0.582575265003535,0.790802186649041,0.168339849088899,-1.4238552475653,-0.563830877642601,4,3,2,0.994453415747328,0,-1.559063471,0.861996448,3,-0.979511241624492,0.979511241624492,1.78352246438119,0,-0.606448758706332,0.49353754613493
38,"Bogo","Afro-Asiatic",,,,,,,15.75,38.75,1175.209257,1,1,3,3,4,2,2,3,2,3,4,2,4,4,4,,,,,,,2,2,1,0,1,1,1,1,1,4,3,,,,0,0,,0,,,,,,,,,,,,,,0,,,,,,,6,1,1.23957032891705,0.463170239634852,,,,,,,,,1,,,0.582575265003535,-0.174712111003858,0.203931576999839,,,2,2,2,0.00572517602514169,,,,,,,1.78352246438119,0,0.203931576999839,1.23957032891705
39,"Kenuzi Nubians","Nubian",,,,,,,23,39.11,183.2408359,1,5,5,5,1,3,2,5,4,2,2,1,4,4,4,3,,,,,,4,3,1,0,1,0,1,1,0,4,,,,,4.75,0,,4.75,3.5,,1,0,0,0,0,2,1,0,0,1,0,0,,,,,,,4,1,0.31917080325409,0.463170239634852,,,,,4.75,1.1859531626388,,,1,1.5340521425728,,0.582575265003535,,1.05831370378817,,,4,2,4,0.422543983344796,0,,,,,,1.78352246438119,1,1.05831370378817,0.31917080325409
40,"Teda","Saharan",3,3,2.5,3.125,3.5,3.375,21,17,1087.33,1,2,1,2,1,4,2,3,1,2,3,2,4,4,4,,3,1,1,1,1,2,3,0,0,0,1,1,0,0,4,4,,-0.327403329,-0.861996448,0,0,4,0,3,4,1,0,0,0,0,2,1,0,0,1,0,0,"Pastoralists",0,0,0,1,0,2,1,-0.601228722408868,0.463170239634852,4,4,1.11767016895546,0.809916540076,,,,,1,1.0298531866223,2.91343047007381,0.582575265003535,0.790802186649041,1.32916527708717,1.15628513392886,,2,2,2,-0.55289564533134,0,-0.327403329,0.861996448,2,0.206938994709399,-0.206938994709399,1.78352246438119,1,1.24272520550802,0.442119328874196
41,"Tuareg","Afro-Asiatic",,,,,,,23,6.5,973.4009109,1,4,1,3,1,4,2,2,1,4,4,3,4,4,4,3,,,,,,2,1,0,1,0,1,1,1,1,4,4,0,,,5,5,,5,,,0,1,,,,,,,1,,,1,,,,,,,5,1,0.77937056608557,0.463170239634852,,,,,5,1.33602447492013,5,1.50392419801737,1,,,0.582575265003535,0.790802186649041,0.686688725826288,,-0.563830877642601,2,2,2,-0.112793986154459,,,,,,,1.78352246438119,0,0.0614289240918436,0.77937056608557
42,"Riffians","Afro-Asiatic",3.25,,3.75,3.75,3.5,4,34.92,-3.25,426.3241661,2,5,5,5,4,5,2,5,5,4,2,2,4,4,4,,3,1,1,1,1,2,3,1,0,0,1,0,1,0,3,,1,-0.327403329,-0.861996448,5,5,2,5,2,3,1,0,1,0,0,1,2,0,0,1,0,1,"Pastoralists",0,0,0,1,0,3,1,-0.141028959577389,0.463170239634852,4,4,1.11767016895546,0.809916540076,5,1.33602447492013,5,1.50392419801737,1,0.0214552747212978,1.70179587004312,0.582575265003535,,0.768608803255983,-0.563808453733909,1.75084325162702,4,3,4,1.03112960936958,0,-0.327403329,0.861996448,2,0.206938994709399,-0.206938994709399,1.78352246438119,1,0.651881200383033,0.595519249818022
43,"Egyptians","Afro-Asiatic",4,3.875,4,3.875,4,,24.75,33,205.0317021,5,5,5,5,5,5,2,5,5,5,5,4,4,4,4,4,2,1,,,1,4,2,0,0,1,1,1,1,1,3,,1,-1.559063471,,1,2,4,2,,2,1,0,0,0,0,2,1,0,0,1,0,0,"Intensive Agriculture",1,0,0,0,0,5,1,0.77937056608557,0.463170239634852,,4,1.11767016895546,,1,-1.06511652158111,2,-0.3470594303117,1,,0.490161270012419,0.582575265003535,,0.536368267507977,1.15628513392886,1.75084325162702,4,3,4,1.39229566121037,0,-1.559063471,,3,-0.979511241624492,0.979511241624492,1.78352246438119,0,1.14783221768795,0.948520367520512
44,"Hebrews","",,,,,,,32,35,257.9,3,5,5,5,5,5,2,5,5,4,5,3,4,4,4,,,,,,,3,,1,0,1,1,0,1,1,4,,,,,1.25,2.5,2,2.5,2,1,1,0,,,,,,,0,,,0,,,,,,,5,1,0.77937056608557,0.463170239634852,,,,,1.25,-0.91504520929978,2.5,-0.0385621589235222,1,0.0214552747212978,-0.721473330018279,0.582575265003535,,-0.0391475967644822,-0.563808453733909,,4,3,4,1.30773722064924,,,,,,,1.78352246438119,,-0.301478025249195,0.77937056608557
45,"Babylonians","",,,,,,,32,45,15.8,3,5,5,5,5,5,4,5,5,5,5,4,1,1,1,4,,,,,,4,2,0,0,1,1,0,1,1,4,,,,,5,8,2,5,,,0,0,2,0,0,0,3,0,0,0,1,,,,,,,,4,1,0.31917080325409,0.463170239634852,,,,,5,1.33602447492013,,,1,,,0.582575265003535,,0.582575265003535,-0.563808453733909,,4,3,4,1.56204154707068,1,,,,,,-0.557350770119123,0,0.00938340563481316,0.31917080325409
46,"Rwala Bedouin","Afro-Asiatic",3,,,2,4,1.75,33.25,38.5,751.2404697,3,5,1,1,1,4,2,3,1,3,2,2,4,4,4,,2,1,1,1,1,2,4,1,0,1,1,0,1,0,4,3,0,0.904256813,-0.861996448,3,5,4,5,3,,1,0,0,0,0,2,1,0,0,1,0,0,"Pastoralists",0,0,0,1,0,4,1,0.31917080325409,0.463170239634852,4,4,1.11767016895546,0.809916540076,3,0.13545397666951,5,1.50392419801737,1,1.0298531866223,,0.582575265003535,-0.174712111003858,0.479238780207325,1.15628513392886,-0.563830877642601,1,2,2,-0.398553890847977,0,0.904256813,0.861996448,3,-0.979511241624492,0.979511241624492,1.78352246438119,1,0.357231012164529,0.748919170761849
47,"Turks","Turkic",3,2,3.75,3,3.875,,39.33,34.25,1109.528098,3,5,5,5,4,5,5,5,4,5,5,4,4,4,4,4,,,,,,4,2,0,0,1,0,0,1,1,4,4,1,,,1,1,4,1,3,3,1,0,1,0,0,1,2,0,0,1,0,0,"Intensive Agriculture",1,0,0,0,0,3,1,-0.141028959577389,0.463170239634852,,,,,1,-1.06511652158111,1,-0.964053973088056,1,1.0298531866223,1.70179587004312,0.582575265003535,0.790802186649041,1.0262566270795,1.15628513392886,1.75084325162702,4,3,4,1.51110535669338,0,,,,,,1.78352246438119,0,1.31112833754513,-0.141028959577389
48,"Gheg Albanians","",,,,,,,42,20.17,956.6248228,3,5,3,5,2,4,2,5,4,4,2,3,4,4,4,,3,1,1,1,1,3,4,1,0,1,0,0,1,0,4,4,,-1.559063471,-0.861996448,5,4.5,,5,,2,1,0,,,,,,,0,,,0,,,,,,,3,1,-0.141028959577389,0.463170239634852,4,4,1.11767016895546,0.809916540076,5,1.33602447492013,4.5,1.19542692662919,1,,0.490161270012419,0.582575265003535,0.790802186649041,0.621179573888332,,,4,2,4,0.534654828308121,,-1.559063471,0.861996448,2,0.206938994709399,-0.206938994709399,1.78352246438119,1,0.621179573888332,0.595519249818022
49,"Romans","",,,,,,,42,12,63.02,3,5,5,5,5,5,4,5,5,5,5,5,1,1,1,4,,,,,,4,1,1,0,0,0,0,1,0,4,4,,,,5,1,,5,2,1,0,0,,,,,,,0,,,0,,,,,,,2,1,-0.601228722408868,0.463170239634852,,,,,5,1.33602447492013,1,-0.964053973088056,1,0.0214552747212978,-0.721473330018279,0.582575265003535,0.790802186649041,0.168339849088899,,,4,3,4,1.56204154707068,,,,,,,-0.557350770119123,0,0.168339849088899,-0.601228722408868
50,"Basques","",,,,,,,4,-1,298.59,3,5,5,5,5,5,5,5,3,4,5,4,4,4,4,,,,,,,,1,0,0,1,0,0,1,0,3,,1,,,2,1,,2,,,0,0,,,,,,,0,,,0,,,,,,,2,1,-0.601228722408868,0.463170239634852,,,,,2,-0.464831272455799,1,-0.964053973088056,1,,,0.582575265003535,,0.582575265003535,,1.75084325162702,4,3,4,1.43388664179844,,,,,,,1.78352246438119,0,1.16670925831528,-0.601228722408868
51,"Irish","Indo-European",3.75,4,3.75,3.25,3.75,4,53.5,-10,29.270093,5,5,5,5,4,5,5,5,4,4,5,3,4,4,4,4,3,,,2,1,3,1,0,0,0,0,0,1,0,4,4,1,-0.327403329,0.477176605,1,1,,1,,2,0,0,1,0,0,1,2,0,0,1,0,0,"Pastoralists",0,0,0,1,0,1,1,-1.06142848524035,0.463170239634852,,,,,1,-1.06511652158111,1,-0.964053973088056,1,,0.490161270012419,0.582575265003535,0.790802186649041,0.621179573888332,,1.75084325162702,4,3,4,1.42654691613225,0,-0.327403329,-0.477176605,2,0.206938994709399,-0.206938994709399,1.78352246438119,0,1.18601141275768,-1.06142848524035
52,"Lapps","Uralic",2.25,,1.75,2,2.25,,68.7,21.5,564.0509259,1,2,1,2,1,3,2,1,2,2,2,1,4,4,4,,3,4,4,1,1,1,1,0,0,0,0,0,0,0,3,4,,0.904256813,-0.861996448,1,1,1,1,1,,0,0,1,0,0,1,2,0,0,1,0,0,"Pastoralists",0,0,0,1,0,0,0,-1.52162824807183,-2.14742565648886,1,1,-1.18076445268681,-1.59020198722239,1,-1.06511652158111,1,-0.964053973088056,1,-0.986942637179703,,0.582575265003535,0.790802186649041,0.128811604824291,-1.4238552475653,,2,2,1,-0.652234676776038,0,0.904256813,0.861996448,2,0.206938994709399,-0.206938994709399,1.78352246438119,0,-0.647521821370502,-1.43086489599368
53,"Yurak Samoyed","Uralic",2,,3.25,3.25,,3,41.4,-123.89,32.91,1,2,1,2,1,1,3,3,1,2,2,1,3,3,3,2,,,,,,1,2,0,0,0,0,0,0,0,2,,,,,2.5,2.5,4,2.75,3,2,1,0,0,0,0,2,1,0,0,1,0,0,"Hunter Gatherer",0,0,1,0,0,0,0,-1.52162824807183,-2.14742565648886,,,,,2.5,-0.164688647893145,2.5,-0.0385621589235222,0,1.0298531866223,0.490161270012419,-1.70611327608178,,-0.0620329398156879,1.15628513392886,,2,1,2,-0.696877848953563,0,,,,,,-0.557350770119123,0,0.547126097056588,-1.52162824807183
54,"Russians","Indo-European",3.75,4,4,4,,4,52.67,41.33,160.1009217,5,5,5,5,5,5,5,5,3,5,5,5,4,4,4,,,,,,,4,1,1,0,1,0,0,1,0,4,4,1,,,5,5,4,5,,1,0,0,0,0,0,0,,0,0,0,0,0,"Intensive Agriculture",1,0,0,0,0,3,1,-0.141028959577389,0.463170239634852,,,,,5,1.33602447492013,5,1.50392419801737,1,,-0.721473330018279,0.582575265003535,0.790802186649041,0.217301373878099,1.15628513392886,1.75084325162702,4,3,4,1.51844508235957,0,,,,,,1.78352246438119,0,1.041476586478,-0.141028959577389
55,"Abkhaz","Abkhaz-Adyge",3.125,,1.875,3.375,,3.875,43,41,1101.91,,4,5,3,3,4,4,1,4,3,5,2,4,4,4,4,,,,,,2,3,0,0,1,0,0,1,0,4,,,,,5,5,3,5,,1,1,0,0,0,0,2,1,0,0,1,0,1,"Pastoralists",0,0,0,1,0,2,1,-0.601228722408868,0.463170239634852,,,,,5,1.33602447492013,5,1.50392419801737,1,,-0.721473330018279,0.582575265003535,,-0.0694490325073722,0.296238340097478,,2,2,1,0.53852241346833,0,,,,,,1.78352246438119,1,0.113394653795053,-0.601228722408868
56,"Armenians","",,,,,,,40,44.5,1445.788498,3,5,5,5,4,5,2,3,4,5,5,4,4,4,4,,,,,,,4,1,1,0,1,0,0,1,1,,,,,,8,8,,8,,,0,0,,,,,,,0,,,0,,,,,,,4,1,0.31917080325409,0.463170239634852,,,,,,,,,,,,,,,,,4,3,2,1.06602784523415,,,,,,,1.78352246438119,0,,0.31917080325409
57,"Kurd","Indo-European",3.25,2.25,3.75,3.25,3.75,3.25,32,44,0.81,5,4,5,5,5,5,2,5,5,4,3,3,4,4,4,4,1,1,1,1,1,3,3,1,0,1,0,0,1,1,4,,0,-0.327403329,-0.861996448,2.75,2.5,1,2.75,1,,1,0,0,0,0,2,1,0,0,1,0,0,"Pastoralists",0,0,0,1,0,4,1,0.31917080325409,0.463170239634852,4,4,1.11767016895546,0.809916540076,2.75,-0.0146173356118176,2.5,-0.0385621589235222,1,-0.986942637179703,,0.582575265003535,,-0.202183686088084,-1.4238552475653,-0.563830877642601,4,3,4,1.10289481439197,0,-0.327403329,0.861996448,4,-2.16596147795838,2.16596147795838,1.78352246438119,1,-0.729956603765327,0.748919170761849
58,"Basseri","Indo-European",2.75,,2.375,3.75,3.875,3,29,53,1391.350676,1,4,1,3,2,4,2,1,2,4,2,2,4,4,4,,3,4,,1,1,2,,1,0,1,0,0,1,1,2,,0,0.904256813,-0.861996448,8,8,2,8,1,1,1,0,1,0,0,1,2,0,0,1,0,0,"Pastoralists",0,0,0,1,0,4,1,0.31917080325409,0.463170239634852,,1,-1.18076445268681,,,,,,0,-0.986942637179703,-0.721473330018279,-1.70611327608178,,-1.13817641442659,-0.563808453733909,-0.563830877642601,2,2,1,-0.208902982043284,0,0.904256813,0.861996448,2,0.206938994709399,-0.206938994709399,1.78352246438119,,-0.755271915267699,-0.43079682471636
59,"Punjabi (West)","Indo-European",4,3.25,3.75,4,,4,32.5,74,228.5257573,5,5,5,5,3,5,2,5,5,5,5,5,4,4,4,4,,,,,,4,1,1,0,1,0,0,1,1,3,,1,,,2,3.25,3,3.25,3,2,1,0,0,0,0,2,1,0,0,1,0,1,"Intensive Agriculture",1,0,0,0,0,4,1,0.31917080325409,0.463170239634852,,,,,2,-0.464831272455799,3.25,0.424183748158744,1,1.0298531866223,0.490161270012419,0.582575265003535,,0.700863240546084,0.296238340097478,1.75084325162702,4,3,4,1.24914680223673,0,,,,,,1.78352246438119,0,0.915981610756862,0.31917080325409
60,"Gond","Dravidian",2.875,2.875,3.5,1.5,3.75,3.75,19.63,80.92,423.2159254,1,1,4,4,1,4,1,4,3,3,2,2,3,3,3,,3,4,4,2,1,2,4,1,0,1,0,1,1,1,1,1,,-1.559063471,0.477176605,1,1,1,1,1,1,1,0,0,0,0,2,1,0,0,1,0,1,"Pastoralists",0,0,0,1,0,5,1,0.77937056608557,0.463170239634852,1,1,-1.18076445268681,-1.59020198722239,1,-1.06511652158111,1,-0.964053973088056,0,-0.986942637179703,-0.721473330018279,-1.70611327608178,-2.10574070630965,-1.38006748739735,-1.4238552475653,,3,2,3,-0.140472417916544,0,-1.559063471,-0.477176605,2,0.206938994709399,-0.206938994709399,-0.557350770119123,1,-1.40196136748132,-0.663865291274544
61,"Toda","",,,,,,,11.5,76.5,721.5619261,1,1,3,1,1,1,1,3,4,3,1,2,1,1,1,2,,,,,,2,0,0,0,1,0,1,1,1,2,,,,,1,1,,1,,1,1,1,,,,,,,1,,,1,,,,,,,4,1,0.31917080325409,0.463170239634852,,,,,1,-1.06511652158111,1,-0.964053973088056,0,,-0.721473330018279,-1.70611327608178,,-1.21379330305003,,,1,1,2,-0.663611876804348,,,,,,,-0.557350770119123,,-1.21379330305003,0.31917080325409
62,,,,,,,,,,,,5,2,5,,2,3,1,3,5,4,1,2,2,2,2,,3,4,,2,1,2,2,,,,,,,,,,,-0.327403329,0.477176605,1,1,2,1,,3,1,0,0,0,0,2,1,0,0,1,0,0,,,,,,,0,0,-1.52162824807183,-2.14742565648886,,1,-1.18076445268681,,1,-1.06511652158111,1,-0.964053973088056,,,1.70179587004312,,,1.70179587004312,-0.563808453733909,,,2,2,0.0864641710397158,0,-0.327403329,-0.477176605,2,0.206938994709399,-0.206938994709399,-0.557350770119123,0,0.568993708154604,-1.35119635037932
63,"Uttar Pradesh","",,,,,,,25.92,83,76.37539742,5,5,5,5,5,5,5,5,5,5,5,5,2,2,2,4,,,,,,3,3,1,0,1,0,0,1,1,2,,,,,1.5,1.5,2,1.5,,,1,0,0,0,0,2,1,0,0,1,0,0,,,,,,,4,1,0.31917080325409,0.463170239634852,,,,,1.5,-0.764973897018453,1.5,-0.655556701699878,0,,,-1.70611327608178,,-1.70611327608178,-0.563808453733909,,4,3,4,1.64691449000083,0,,,,,,-0.557350770119123,1,-1.13496086490784,0.31917080325409
64,"Burusho","Burushaki",2,2,1.5,2.125,3,,36.43,74.58,4151.733346,1,4,5,5,2,4,2,1,2,3,5,2,4,4,4,,1,4,1,2,1,2,,1,0,1,0,0,0,1,2,,,-1.559063471,0.477176605,1,1,1,1,,2,1,0,0,0,0,2,1,0,0,1,0,0,"Intensive Agriculture",1,0,0,0,0,3,1,-0.141028959577389,0.463170239634852,4,1,-1.18076445268681,0.809916540076,1,-1.06511652158111,1,-0.964053973088056,0,,0.490161270012419,-1.70611327608178,,-0.607976003034681,-1.4238552475653,,4,2,1,0.301398985145801,0,-1.559063471,-0.477176605,4,-2.16596147795838,2.16596147795838,1.78352246438119,,-1.01591562529999,-0.170625624062733
65,"Kazak","Turkic",3.75,,3.75,3.25,3.25,3.25,48,70,424.96,1,4,2,1,4,4,2,3,2,4,4,4,4,4,4,5,2,2,1,1,1,4,3,1,0,0,0,0,0,1,4,4,,-1.559063471,-0.861996448,3,4,3,4,3,1.5,1,0,0,0,0,2,1,0,0,1,0,1,"Pastoralists",0,0,0,1,0,2,1,-0.601228722408868,0.463170239634852,4,3,0.3515252950747,0.809916540076,3,0.13545397666951,4,0.886929655241011,1,1.0298531866223,-0.11565603000293,0.582575265003535,0.790802186649041,0.571893652067986,0.296238340097478,,1,2,2,0.0977879442836438,0,-1.559063471,0.861996448,3,-0.979511241624492,0.979511241624492,1.78352246438119,1,0.434065996082732,0.186737704247277
66,"Khalka Mongols","Mongolic",3.125,3.625,1.5,2.25,,,46,97,1769.42,1,5,2,2,1,4,4,3,2,5,4,4,,,,,,,,,,4,1,0,0,0,0,0,0,0,4,,0,,,3.25,3,4,3.5,2,,1,0,1,0,0,1,2,0,0,1,0,0,"Pastoralists",0,0,0,1,0,0,0,-1.52162824807183,-2.14742565648886,,,,,3.25,0.285525288950837,3,0.269935112464656,1,0.0214552747212978,,0.582575265003535,,0.302015269862416,1.15628513392886,-0.563830877642601,2,2,2,0.271855747972927,0,,,,,,,0,0.298156508716227,-1.52162824807183
67,"Lolo","",,,,,,,27.5,103.5,2081.638648,3,5,5,5,2,4,2,4,2,2,4,1,1,1,1,2,,,,,,1,2,0,0,1,0,0,1,1,2,,,,,4.5,4.5,,4.5,,,1,0,,,,,,,0,,,1,,,,,,,3,1,-0.141028959577389,0.463170239634852,,,,,4.5,1.03588185035747,4.5,1.19542692662919,0,,,-1.70611327608178,,-1.70611327608178,,,4,2,3,0.407108451717862,,,,,,,-0.557350770119123,0,-1.70611327608178,-0.141028959577389
68,"Lepcha","Sino-Tibetan",3,3.25,1.25,3.25,3,4,27.5,89,2794.578261,1,4,5,5,2,3,1,3,4,3,2,2,3,3,3,,3,4,4,2,1,2,2,0,0,1,0,1,0,1,4,3,,-1.559063471,0.477176605,1,1,1,1,1,1,1,0,0,0,0,2,1,0,0,1,0,0,"Intensive Agriculture",1,0,0,0,0,3,1,-0.141028959577389,0.463170239634852,1,1,-1.18076445268681,-1.59020198722239,1,-1.06511652158111,1,-0.964053973088056,1,-0.986942637179703,-0.721473330018279,0.582575265003535,-0.174712111003858,-0.325138203299576,-1.4238552475653,,4,2,2,0.235191609398452,0,-1.559063471,-0.477176605,2,0.206938994709399,-0.206938994709399,-0.557350770119123,0,-0.874496725432436,-0.970665133162197
69,"Garo","",,,,,,,26,91,725.34,5,1,5,4,3,4,1,3,4,4,2,2,2,2,2,1,,,,,,2,2,1,0,1,0,1,1,1,4,2,0,,,1,1,,1,,1,0,1,,,,,,,1,,,0,,,,,,,5,1,0.77937056608557,0.463170239634852,,,,,1,-1.06511652158111,1,-0.964053973088056,1,,-0.721473330018279,0.582575265003535,-1.14022640865676,-0.426374824557167,,-0.563830877642601,3,2,2,0.12053047692735,,,,,,,-0.557350770119123,0,-0.495102851099884,0.77937056608557
70,"Lakher","Sino-Tibetan",2.75,1.75,2.75,3.75,1.25,,22.33,93,1060.449908,3,2,5,4,3,4,1,2,3,3,4,2,4,4,4,,2,1,1,2,1,2,2,1,0,1,0,1,1,1,4,4,1,-1.559063471,0.477176605,2,1.75,3,2,3,,1,0,0,0,0,2,1,0,0,1,0,0,"Horticulturalists",0,1,0,0,0,5,1,0.77937056608557,0.463170239634852,4,4,1.11767016895546,0.809916540076,2,-0.464831272455799,1.75,-0.501308066005789,1,1.0298531866223,,0.582575265003535,0.790802186649041,0.801076879424958,0.296238340097478,1.75084325162702,3,2,2,0.176579738802856,0,-1.559063471,-0.477176605,3,-0.979511241624492,0.979511241624492,1.78352246438119,0,0.94938615704982,0.902319091705675
71,"Burmese","Sino-Tibetan",2,2,1.75,1.75,3,3.25,22,95.67,134.2842296,5,5,5,5,4,5,4,5,5,5,5,4,1,1,1,4,,,,,,4,1,1,0,1,0,1,1,1,1,1,0,,,1,5,,5,,1,0,0,1,0,1,0,4,1,0,0,0,0,"Intensive Agriculture",1,0,0,0,0,5,1,0.77937056608557,0.463170239634852,,,,,1,-1.06511652158111,5,1.50392419801737,0,,-0.721473330018279,-1.70611327608178,-2.10574070630965,-1.51110910413657,,-0.563830877642601,4,3,4,1.49046711758386,1,,,,,,-0.557350770119123,0,-1.03746999088959,0.77937056608557
72,"Lamet","Austroasiatic",2.75,,3.75,2.25,2,3.75,20,100.67,697.9168809,1,1,3,4,2,1,1,2,1,2,2,1,1,1,1,,2,4,4,2,1,1,,0,0,1,0,0,0,1,2,,0,-1.559063471,0.477176605,0,0,2,0,3,2,1,0,1,0,0,1,2,0,0,1,0,1,"Other",0,0,0,0,1,2,1,-0.601228722408868,0.463170239634852,1,1,-1.18076445268681,-1.59020198722239,,,,,0,1.0298531866223,0.490161270012419,-1.70611327608178,,-0.0620329398156879,-0.563808453733909,-0.563830877642601,3,1,2,-0.601956163410807,0,-1.559063471,-0.477176605,3,-0.979511241624492,0.979511241624492,-0.557350770119123,,-0.396557423730732,-1.12406505410602
73,"Vietnamese","Austroasiatic",2.75,,3,,,3.75,20.5,106.25,10.19356963,1,5,5,5,4,5,5,3,5,5,5,5,1,1,1,4,2,,,1,1,4,3,0,0,1,0,1,1,1,4,3,,,-0.861996448,5,5,4,5,1,,1,0,0,0,0,2,1,0,0,1,0,1,"Intensive Agriculture",1,0,0,0,0,4,1,0.31917080325409,0.463170239634852,,,,,5,1.33602447492013,5,1.50392419801737,1,-0.986942637179703,,0.582575265003535,-0.174712111003858,-0.193026494393342,1.15628513392886,,4,3,2,1.38488137784525,0,,0.861996448,3,-0.979511241624492,0.979511241624492,-0.557350770119123,1,0.481629319767761,0.31917080325409
74,"Rhade","",,,,,,,13,108,596.7896224,1,1,4,4,4,3,1,3,5,2,2,1,1,1,1,,,,,,,1,,0,0,1,0,1,1,1,4,3,,,,3.25,2.25,,3.25,,,0,1,,,,,,,1,,,1,,,,,,,4,1,0.31917080325409,0.463170239634852,,,,,3.25,0.285525288950837,2.25,-0.192810794617611,1,,,0.582575265003535,-0.174712111003858,0.203931576999839,,,3,2,2,0.0229324962896714,,,,,,,-0.557350770119123,,0.203931576999839,0.31917080325409
75,"Khmer","",,,,,,,13,103.83,41.33211253,3,3,5,5,5,5,4,5,4,5,5,5,2,2,2,4,,,,,,4,2,0,0,1,0,1,1,1,,,,,,3.5,2,,3.5,1,1,0,0,,,,,,,0,,,,,,,,,,4,1,0.31917080325409,0.463170239634852,,,,,3.5,0.435596601232164,2,-0.3470594303117,,-0.986942637179703,-0.721473330018279,,,-0.854207983598991,,,4,3,4,1.3614996064593,,,,,,,-0.557350770119123,0,-0.854207983598991,0.31917080325409
76,"Siamese","Tai-Kadai",2.125,2,1.375,1.125,2.5,3,15,100,7.46,5,5,5,5,5,5,5,5,5,5,5,5,2,2,2,,,,,,,4,3,0,0,1,0,1,1,1,1,1,,,,0,0,3,0,1,1,0,0,1,0,1,0,4,1,0,0,0,0,"Intensive Agriculture",1,0,0,0,0,4,1,0.31917080325409,0.463170239634852,,,,,,,,,0,-0.986942637179703,-0.721473330018279,-1.70611327608178,-2.10574070630965,-1.38006748739735,0.296238340097478,,4,3,4,1.64691449000083,1,,,,,,-0.557350770119123,1,-0.541914573649939,0.31917080325409
77,"Semang","",,,,,,,5,101.25,587.146524,1,1,1,2,1,1,1,1,1,2,1,1,3,3,3,1,3,4,4,2,1,1,2,0,0,1,0,1,1,1,4,3,0,0.904256813,0.477176605,1,1,,1,,,0,0,,,,,,,0,,,0,,,,,,,4,1,0.31917080325409,0.463170239634852,1,1,-1.18076445268681,-1.59020198722239,1,-1.06511652158111,1,-0.964053973088056,1,,,0.582575265003535,-0.174712111003858,0.203931576999839,,-0.563830877642601,2,1,1,-1.09835108847458,,0.904256813,-0.477176605,2,0.206938994709399,-0.206938994709399,-0.557350770119123,0,-0.179949650321381,-0.81726521221837
78,"Nicobarese","",,,,,,,9.17,92.77,0.47,2,2,5,4,3,4,1,1,4,2,1,1,,,,,,,,,,1,,0,0,1,0,0,0,0,1,1,0,,,2,1,,2,,1,0,0,,,,,,,0,,,0,,,,,,,1,1,-1.06142848524035,0.463170239634852,,,,,2,-0.464831272455799,1,-0.964053973088056,0,,-0.721473330018279,-1.70611327608178,-2.10574070630965,-1.51110910413657,,-0.563830877642601,3,2,1,-0.144006521064865,,,,,,,,,-1.03746999088959,-1.06142848524035
79,"Andamanese","",,,,,,,13.32,92.89,1.38,2,1,2,1,1,2,1,1,2,2,1,1,1,1,1,2,4,2,2,2,1,1,1,0,0,1,0,1,1,0,1,1,,-0.327403329,0.477176605,4,4,,4,,1,0,0,,,,,,,0,,,0,,,,,,,3,1,-0.141028959577389,0.463170239634852,3,3,0.3515252950747,0.00987703097653663,4,0.735739225794818,4,0.886929655241011,0,,-0.721473330018279,-1.70611327608178,-2.10574070630965,-1.51110910413657,,,1,2,1,-0.875648546542571,,-0.327403329,-0.477176605,1,1.39338923104329,-1.39338923104329,-0.557350770119123,0,-1.51110910413657,0.0734577888246158
80,"Vedda","",,,,,,,8.59,81.19,12.68,2,2,2,2,1,2,1,3,1,1,1,1,1,1,1,,,,,,,1,1,0,0,1,0,1,1,1,,,0,,,1,1,,1,,,0,1,,,,,,,1,,,1,,,,,,,4,1,0.31917080325409,0.463170239634852,,,,,1,-1.06511652158111,1,-0.964053973088056,,,,,,,,-0.563830877642601,2,2,2,-0.794725583861643,,,,,,,-0.557350770119123,0,-0.563830877642601,0.31917080325409
81,"Tanala","",,,,,,,-22,48,10.03863281,1,1,3,5,3,4,1,1,2,3,4,2,2,2,2,2,,,,,,2,4,0,0,1,1,1,1,1,,,0,,,1.5,3,,2.75,1,1,1,0,,,,,,,0,,,1,,,,,,,5,1,0.77937056608557,0.463170239634852,,,,,1.5,-0.764973897018453,3,0.269935112464656,,-0.986942637179703,-0.721473330018279,,,-0.854207983598991,,-0.563830877642601,4,2,1,-0.113285243060349,,,,,,,-0.557350770119123,1,-0.709019430620796,0.77937056608557
82,"Negri Sembilan","",,,,,,,2.58,102.25,132.7427296,5,5,5,5,5,4,4,5,5,4,3,4,4,4,4,,3,2,1,1,1,3,,0,0,1,0,1,1,1,2,,,0.904256813,-0.861996448,0,3.25,,3.5,,,0,1,,,,,,,1,,,1,,,,,,,4,1,0.31917080325409,0.463170239634852,4,3,0.3515252950747,0.809916540076,,,3.25,0.424183748158744,0,,,-1.70611327608178,,-1.70611327608178,,,4,2,4,1.18028356602622,,0.904256813,0.861996448,2,0.206938994709399,-0.206938994709399,1.78352246438119,,-1.70611327608178,0.49353754613493
83,"Javanese","Austronesian",2,2.25,2,1.75,1.25,3,-7.7,112.22,359.9110274,5,5,5,5,4,5,5,5,5,5,5,5,1,1,1,4,,,,,,4,3,0,0,1,0,1,1,1,,,,,,5,5,3,5,1,,0,0,1,0,1,0,4,1,0,0,0,0,"Intensive Agriculture",1,0,0,0,0,4,1,0.31917080325409,0.463170239634852,,,,,5,1.33602447492013,5,1.50392419801737,,-0.986942637179703,,,,-0.986942637179703,0.296238340097478,,4,3,4,1.57534006051401,1,,,,,,-0.557350770119123,1,-0.345352148541113,0.31917080325409
84,"Balinese","",,,,,,,-8.5,115.33,59.48131769,5,5,5,5,4,5,5,5,5,4,5,4,1,1,1,,3,4,4,1,3,3,3,1,0,1,0,0,1,1,3,,,-0.327403329,-0.861996448,5,5,2,5,,1,1,0,1,0,0,1,2,0,0,1,0,1,,,,,,,4,1,0.31917080325409,0.463170239634852,1,1,-1.18076445268681,-1.59020198722239,5,1.33602447492013,5,1.50392419801737,1,,-0.721473330018279,0.582575265003535,,-0.0694490325073722,-0.563808453733909,,4,3,4,1.49078161995288,0,-0.327403329,0.861996448,2,0.206938994709399,-0.206938994709399,-0.557350770119123,1,-0.31662874312064,-0.81726521221837
85,"Iban","Austronesian",3.25,,2.25,3.75,3.75,3.75,2,113,301.3901781,1,1,4,4,1,4,1,1,3,2,2,1,1,1,1,2,3,1,1,2,1,1,1,0,0,1,0,0,0,0,4,2,0,0.904256813,0.477176605,0,1,2,1,,,0,0,2,0,0,0,3,0,0,0,1,0,"Horticulturalists",0,1,0,0,0,1,1,-1.06142848524035,0.463170239634852,4,4,1.11767016895546,0.809916540076,,,1,-0.964053973088056,1,,,0.582575265003535,-1.14022640865676,-0.278825571826611,-0.563808453733909,-0.563830877642601,3,2,1,-0.415489541146438,1,0.904256813,-0.477176605,2,0.206938994709399,-0.206938994709399,-0.557350770119123,0,-0.46882163440104,0.288719407930369
86,"Badjau","Austronesian",2,1.25,1.25,2,1.25,,5,120,2.55,1,1,1,2,3,1,1,1,1,2,2,1,,,,,,,,,,1,1,0,0,1,0,1,0,0,2,,,,,1.5,1,1,1.5,,1,0,0,2,0,0,0,3,0,0,0,1,0,"Hunter Gatherer",0,0,1,0,0,2,1,-0.601228722408868,0.463170239634852,,,,,1.5,-0.764973897018453,1,-0.964053973088056,0,,-0.721473330018279,-1.70611327608178,,-1.21379330305003,-1.4238552475653,,2,1,1,-0.886857835569987,1,,,,,,,0,-1.31882427530766,-0.601228722408868
87,"Toradja","",,,,,,,-2,121,542.9485659,2,2,5,4,2,4,1,2,3,3,2,2,,,,3,3,3,1,1,1,2,,0,0,1,1,1,1,1,4,3,,-0.327403329,-0.861996448,4,4,,4,,,0,0,,,,,,,0,,,0,,,,,,,5,1,0.77937056608557,0.463170239634852,4,2,-0.414619578806056,0.809916540076,4,0.735739225794818,4,0.886929655241011,1,,,0.582575265003535,-0.174712111003858,0.203931576999839,,,3,2,2,-0.0316834785458593,,-0.327403329,0.861996448,2,0.206938994709399,-0.206938994709399,,,0.203931576999839,0.391555842451838
88,"Tobelorese","",,,,,,,2,127.94,93.96063342,,2,5,4,3,4,1,3,3,4,2,3,,,,,,,,,,3,1,0,0,1,0,1,1,1,,,,,,0,0,,0,,,0,0,,,,,,,0,,,0,,,,,,,4,1,0.31917080325409,0.463170239634852,,,,,,,,,,,,,,,,,3,2,2,0.124449391502089,,,,,,,,0,,0.31917080325409
89,"Alorese","",,,,,,,-8.22,124.26,,1,2,5,4,2,1,1,4,5,4,2,3,2,2,2,2,,,,,,3,4,0,0,1,0,1,1,1,4,,,,,1,1,,1,1,,1,0,,,,,,,0,,,0,,,,,,,4,1,0.31917080325409,0.463170239634852,,,,,1,-1.06511652158111,1,-0.964053973088056,1,-0.986942637179703,,0.582575265003535,,-0.202183686088084,,,3,1,3,0.116062958369488,,,,,,,-0.557350770119123,1,-0.202183686088084,0.31917080325409
90,"Tiwi","Tiwi",2.625,2.25,3.875,3.375,2.875,3.875,-11.38,131,7.852466877,2,2,1,1,2,1,1,1,1,1,1,1,2,2,2,,3,1,4,3,1,1,4,0,0,0,0,1,1,1,2,,0,0.904256813,1.816349659,1,3.5,1,3.5,1,1,0,1,1,0,0,1,2,0,1,1,0,0,"Hunter Gatherer",0,0,1,0,0,3,1,-0.141028959577389,0.463170239634852,1,4,1.11767016895546,-1.59020198722239,1,-1.06511652158111,3.5,0.578432383852833,0,-0.986942637179703,-0.721473330018279,-1.70611327608178,,-1.13817641442659,-1.4238552475653,-0.563830877642601,1,1,1,-1.10951462848645,0,0.904256813,-1.816349659,2,0.206938994709399,-0.206938994709399,-0.557350770119123,1,-1.04195417987816,-0.204520259281441
91,"Aranda","Pama-Nyungan",4,3.75,3.5,3.875,3.5,4,-24.25,133.5,508.4260406,2,3,1,1,1,1,1,1,1,2,1,1,1,1,1,1,,,,,,1,4,0,0,0,0,0,1,0,4,4,,,,2,8,2,8,2,,1,1,0,0,0,2,1,0,1,1,0,1,"Hunter Gatherer",0,0,1,0,0,1,1,-1.06142848524035,0.463170239634852,,,,,2,-0.464831272455799,,,1,0.0214552747212978,,0.582575265003535,0.790802186649041,0.464944242124625,-0.563808453733909,,1,1,1,-1.02837699901677,0,,,,,,-0.557350770119123,1,-0.049432105804642,-1.06142848524035
92,"Orokaiva","Trans-New_Guinea",2.25,1.75,4,1.25,2.25,3,-9,-148,232.86,2,1,5,4,1,2,1,1,2,2,1,1,1,1,1,,4,1,1,2,1,1,3,0,0,1,0,1,1,1,4,3,0,0.904256813,0.477176605,1,5,,5,1,2,1,0,0,0,0,2,1,0,0,1,0,1,"Other",0,0,0,0,1,4,1,0.31917080325409,0.463170239634852,4,4,1.11767016895546,0.809916540076,1,-1.06511652158111,5,1.50392419801737,1,-0.986942637179703,0.490161270012419,0.582575265003535,-0.174712111003858,-0.0222295532919018,,-0.563830877642601,3,2,1,-0.483778406075143,0,0.904256813,-0.477176605,1,1.39338923104329,-1.39338923104329,-0.557350770119123,1,-0.293030215467251,0.748919170761849
93,"Kimam","Kolopom",3.25,2,3,2.25,3,4,-7.5,138.5,8.201527393,2,1,5,5,4,1,1,1,1,2,1,1,,,,2,,,,,,1,3,0,0,1,0,1,0,0,4,3,,,,1,1,4,1,3,,1,0,1,0,0,1,2,0,0,1,0,1,"Intensive Agriculture",1,0,0,0,0,2,1,-0.601228722408868,0.463170239634852,,,,,1,-1.06511652158111,1,-0.964053973088056,1,1.0298531866223,,0.582575265003535,-0.174712111003858,0.479238780207325,1.15628513392886,,4,1,1,-0.427467426723812,0,,,,,,,1,0.817761957068095,-0.601228722408868
94,"Kapauku","Trans-New_Guinea",3.75,2.625,3.75,3.25,3,3,-4,136,806.5178796,3,2,5,4,2,1,1,4,5,3,2,2,2,2,2,,2,1,4,3,1,2,4,0,0,1,0,1,0,0,4,,0,-0.327403329,1.816349659,1,4.5,,4.5,1,1,1,0,0,0,0,2,1,0,0,1,0,1,"Horticulturalists",0,1,0,0,0,2,1,-0.601228722408868,0.463170239634852,1,4,1.11767016895546,-1.59020198722239,1,-1.06511652158111,4.5,1.19542692662919,1,-0.986942637179703,-0.721473330018279,0.582575265003535,,-0.375280234064816,,-0.563830877642601,3,1,3,0.0315045178083597,0,-0.327403329,-1.816349659,3,-0.979511241624492,0.979511241624492,-0.557350770119123,1,-0.469555555853708,-0.357920180225268
95,"Kwoma","",,,,,,,-4.17,142.67,79.69712667,3,2,5,4,3,2,1,4,4,2,1,1,1,1,1,1,,,,,,1,4,0,0,1,0,1,0,0,2,,0,,,2,1.75,,2,1,1,1,0,,,,,,,0,,,1,,,,,,,2,1,-0.601228722408868,0.463170239634852,,,,,2,-0.464831272455799,1.75,-0.501308066005789,0,-0.986942637179703,-0.721473330018279,-1.70611327608178,,-1.13817641442659,,-0.563830877642601,3,2,3,0.0464521616039009,,,,,,,-0.557350770119123,1,-0.851003646034594,-0.601228722408868
96,"Manus","Austronesian",3.875,2.75,3.75,3.5,3.875,4,-2,147,24.72,1,2,5,1,3,2,1,4,4,2,2,1,1,1,1,,4,2,2,1,1,1,2,0,0,1,0,1,0,1,3,4,,0.904256813,-0.861996448,1,1,1,1,1,1,1,1,1,0,0,1,2,0,1,1,0,1,"Hunter Gatherer",0,0,1,0,0,3,1,-0.141028959577389,0.463170239634852,3,3,0.3515252950747,0.00987703097653663,1,-1.06511652158111,1,-0.964053973088056,1,-0.986942637179703,-0.721473330018279,0.582575265003535,0.790802186649041,-0.0837596288863517,-1.4238552475653,,1,2,3,-0.0842028864639519,0,0.904256813,0.861996448,1,1.39338923104329,-1.39338923104329,-0.557350770119123,0,-0.753807438225823,0.0734577888246158
97,"New Ireland","",,,,,,,-17.81,178.32,,1,2,5,4,3,1,1,4,3,2,1,1,1,1,1,2,,,,,,1,3,0,0,1,0,1,1,1,4,4,,,,1,1,,1,,1,0,1,,,,,,,1,,,1,,,,,,,4,1,0.31917080325409,0.463170239634852,,,,,1,-1.06511652158111,1,-0.964053973088056,1,,-0.721473330018279,0.582575265003535,0.790802186649041,0.217301373878099,,,3,1,3,-0.178293294838162,,,,,,,-0.557350770119123,1,0.217301373878099,0.31917080325409
98,"Trobrianders","Kilivila",2.25,2.125,2.75,2.875,2,4,-8.43,151.09,0.31,3,1,5,4,2,2,1,1,4,3,3,2,1,1,1,,2,2,4,2,1,2,3,0,0,1,0,1,0,0,4,4,0,,0.477176605,1,1,4,1,4,2,0,1,1,1,0,0,,0,1,0,0,1,"Other",0,0,0,0,1,2,1,-0.601228722408868,0.463170239634852,1,3,0.3515252950747,-1.59020198722239,1,-1.06511652158111,1,-0.964053973088056,1,2.0382510985233,0.490161270012419,0.582575265003535,0.790802186649041,0.975447455047074,1.15628513392886,-0.563830877642601,3,2,1,-0.0624873405240335,0,,-0.477176605,3,-0.979511241624492,0.979511241624492,-0.557350770119123,1,0.522633903777779,-0.613301804852186
99,"Siuai","South Bougainville",3.25,1.25,3.25,3,2.75,3.75,-6,155,61.09,1,2,5,4,1,2,1,4,4,2,2,1,1,1,1,2,,,,,,1,3,0,0,1,0,1,1,1,4,3,,,,2,2.5,,0,3,1,0,1,1,1,0,0,,0,1,0,0,1,"Other",0,0,0,0,1,4,1,0.31917080325409,0.463170239634852,,,,,2,-0.464831272455799,2.5,-0.0385621589235222,1,1.0298531866223,-0.721473330018279,0.582575265003535,-0.174712111003858,0.179060752650924,,,3,2,3,-0.0283523034387919,0,,,,,,-0.557350770119123,1,0.179060752650924,0.31917080325409
100,"Tikopia","Austronesian",3,2.75,3,2.25,2.75,2.25,-12.29,168.83,0.09,2,1,5,4,4,1,1,1,5,3,3,2,1,1,1,,3,4,4,3,1,2,3,0,0,0,0,1,0,0,4,4,1,-1.559063471,1.816349659,1,1,4,1,3,2,1,0,0,0,0,2,1,0,0,1,0,0,"Other",0,0,0,0,1,1,1,-1.06142848524035,0.463170239634852,1,1,-1.18076445268681,-1.59020198722239,1,-1.06511652158111,1,-0.964053973088056,1,1.0298531866223,0.490161270012419,0.582575265003535,0.790802186649041,0.723347977071823,1.15628513392886,1.75084325162702,3,1,1,-0.0156145303511898,0,-1.559063471,-1.816349659,2,0.206938994709399,-0.206938994709399,-0.557350770119123,1,1.21015878754257,-1.27746497504985
101,"Pentecost","",,,,,,,,,,1,1,5,4,1,1,1,3,3,2,2,1,1,1,1,2,,,,,,1,3,0,0,1,0,1,1,1,4,4,,,,1,1,,1,,,1,1,,,,,,,1,,,1,,,,,,,4,1,0.31917080325409,0.463170239634852,,,,,1,-1.06511652158111,1,-0.964053973088056,1,,,0.582575265003535,0.790802186649041,0.686688725826288,,,3,1,2,-0.41648071961061,,,,,,,-0.557350770119123,1,0.686688725826288,0.31917080325409
102,"Mbau Fijians","Austronesian",4,3.25,3.75,4,3.75,3.75,-17.81,178.32,6.08,3,1,5,3,5,2,1,4,5,4,2,3,1,1,1,,2,1,1,1,1,3,3,0,0,0,0,1,1,1,1,1,,0.904256813,-0.861996448,0,5,1,5,,1,1,0,0,0,0,2,1,0,0,1,0,0,"Hunter Gatherer",0,0,1,0,0,3,1,-0.141028959577389,0.463170239634852,4,4,1.11767016895546,0.809916540076,,,5,1.50392419801737,0,,-0.721473330018279,-1.70611327608178,-2.10574070630965,-1.51110910413657,-1.4238552475653,,2,2,3,0.356810233723073,0,0.904256813,0.861996448,3,-0.979511241624492,0.979511241624492,-0.557350770119123,1,-1.46748217585093,0.595519249818022
103,"Ajie","",,,,,,,-21.37,165.47,,3,2,5,5,1,2,1,4,2,3,1,2,,,,3,,,,,,2,,0,0,1,0,1,1,1,4,3,0,,,0,0,,0,,,1,0,,,,,,,0,,,1,,,,,,,4,1,0.31917080325409,0.463170239634852,,,,,,,,,1,,,0.582575265003535,-0.174712111003858,0.203931576999839,,-0.563830877642601,4,2,3,-0.074274517116944,,,,,,,,,-0.179949650321381,0.31917080325409
104,,,,,,,,,,,,3,3,5,,2,1,1,1,1,3,3,2,1,1,1,,2,4,,1,1,2,4,,,,,,,,,,,,-0.861996448,5,4.5,4,4.5,3,3,0,0,1,0,0,1,2,0,0,1,0,1,,,,,,,0,0,-1.52162824807183,-2.14742565648886,,1,-1.18076445268681,,5,1.33602447492013,4.5,1.19542692662919,,1.0298531866223,1.70179587004312,,,1.36582452833271,1.15628513392886,,,1,1,-0.349530210673846,0,,0.861996448,3,-0.979511241624492,0.979511241624492,-0.557350770119123,1,1.26105483113079,-1.35119635037932
105,"Marquesans","",,,,,,,-8.9,-140.08,,3,3,5,4,2,1,1,1,4,3,3,2,1,1,1,3,,,,,,2,0,0,0,1,0,1,0,1,4,4,,,,3,5,,5,,,0,0,,,,,,,0,,,0,,,,,,,3,1,-0.141028959577389,0.463170239634852,,,,,3,0.13545397666951,5,1.50392419801737,1,,,0.582575265003535,0.790802186649041,0.686688725826288,,,3,1,1,-0.0866908563547191,,,,,,,-0.557350770119123,,0.686688725826288,-0.141028959577389
106,"Western Samoans","Austronesian",4,,,3.875,3.375,3.5,-13.94,-171.77,21.03,3,1,5,4,3,1,1,1,5,4,3,3,1,1,1,,2,1,,,1,3,3,0,0,0,0,1,1,1,4,4,,-0.327403329,,1.5,4.5,4,4.5,2,1,0,0,1,0,0,1,2,0,0,1,0,1,"Horticulturalists",0,1,0,0,0,3,1,-0.141028959577389,0.463170239634852,,4,1.11767016895546,,1.5,-0.764973897018453,4.5,1.19542692662919,1,0.0214552747212978,-0.721473330018279,0.582575265003535,0.790802186649041,0.168339849088899,1.15628513392886,,3,1,1,-0.00263051927688182,0,-0.327403329,,3,-0.979511241624492,0.979511241624492,-0.557350770119123,1,0.662312491508881,0.488320604689033
107,"Gilbertese","",,,,,,,-1.47,175.06,,1,1,5,4,3,1,1,3,5,3,3,2,2,2,2,3,,,,,,2,2,0,0,1,0,1,1,1,4,,,,,8,8,,8,,1,0,0,,,,,,,0,,,1,,,,,,,4,1,0.31917080325409,0.463170239634852,,,,,,,,,1,,-0.721473330018279,0.582575265003535,,-0.0694490325073722,,,3,1,2,0.00804038149637275,,,,,,,-0.557350770119123,0,-0.0694490325073722,0.31917080325409
108,"Marshallese","Austronesian",3.75,2.75,3.25,1.75,2.75,2.75,6.28,169.49,0.01,3,3,5,3,2,1,1,3,5,3,3,2,1,1,1,,1,2,4,3,1,2,,0,0,0,0,1,1,1,4,4,,0.904256813,1.816349659,1,1,3,1,3,2,0,1,0,0,2,0,5,1,1,0,0,0,"Hunter Gatherer",0,0,1,0,0,3,1,-0.141028959577389,0.463170239634852,1,3,0.3515252950747,-1.59020198722239,1,-1.06511652158111,1,-0.964053973088056,1,1.0298531866223,0.490161270012419,0.582575265003535,0.790802186649041,0.723347977071823,0.296238340097478,,2,1,2,0.00644004146736327,1,0.904256813,-1.816349659,4,-2.16596147795838,2.16596147795838,-0.557350770119123,,0.50979315858465,-0.45990188390836
109,"Trukese","Austronesian",3.125,3,4,3.125,2.5,3,7.34,151.6,0.51,1,1,5,4,3,3,1,3,5,2,1,1,1,1,1,5,,,,,,1,2,0,0,1,0,1,1,1,4,4,0,,,2.75,1,2,1.25,,,0,1,1,0,1,0,4,1,1,0,0,1,"Other",0,0,0,0,1,4,1,0.31917080325409,0.463170239634852,,,,,2.75,-0.0146173356118176,1,-0.964053973088056,1,,,0.582575265003535,0.790802186649041,0.686688725826288,-0.563808453733909,-0.563830877642601,3,2,2,-0.052696094305221,1,,,,,,-0.557350770119123,0,-0.146983535183407,0.31917080325409
110,"Yapese","Austronesian",3.75,,3,1.75,2.75,2.75,9.55,138.13,0.34,1,2,5,4,2,3,1,4,4,3,4,2,,,,,3,1,3,2,2,2,,0,0,0,0,1,1,1,4,,,,0.477176605,1,1.25,4,1.25,,,1,1,1,0,0,2,,0,1,1,0,1,"Other",0,0,0,0,1,3,1,-0.141028959577389,0.463170239634852,2,4,1.11767016895546,-0.790162478122927,1,-1.06511652158111,1.25,-0.809805337393967,1,,,0.582575265003535,,0.582575265003535,1.15628513392886,,3,2,3,0.264469354471052,0,,-0.477176605,2,0.206938994709399,-0.206938994709399,,,0.869430199466199,0.0621595770850464
111,"Palauans","",,,,,,,7.45,134.54,,3,1,5,4,1,2,1,4,4,4,3,3,1,1,1,2,,,,,,3,2,0,0,1,0,1,0,1,4,,0,,,0,5,,5,,,0,1,,,,,,,1,,,1,,,,,,,3,1,-0.141028959577389,0.463170239634852,,,,,,,5,1.50392419801737,1,,,0.582575265003535,,0.582575265003535,,-0.563830877642601,3,2,3,0.14095535321904,,,,,,,-0.557350770119123,0,0.0093721936804671,-0.141028959577389
112,"Ifugao","Austronesian",2.25,,1.5,1.125,2.5,3.5,16.83,121.17,791.5325453,1,1,5,5,4,4,2,2,5,1,2,1,1,1,1,,4,1,4,3,1,1,2,0,0,1,0,1,1,1,4,2,,,1.816349659,5,5,3,5,1,1,0,0,2,0,0,0,3,0,0,0,1,0,"Intensive Agriculture",1,0,0,0,0,4,1,0.31917080325409,0.463170239634852,1,4,1.11767016895546,-1.59020198722239,5,1.33602447492013,5,1.50392419801737,1,-0.986942637179703,-0.721473330018279,0.582575265003535,-1.14022640865676,-0.566516777712801,0.296238340097478,,4,2,2,0.153870378814507,1,,-1.816349659,1,1.39338923104329,-1.39338923104329,-0.557350770119123,0,-0.135139218807662,-0.0511203383376151
113,"Atayal","",,,,,,,24.33,120.75,515.6854071,3,1,4,4,2,4,1,4,3,3,1,2,1,1,1,2,,,,,,2,1,0,0,1,0,1,1,1,,,,,,5,5,,5,,,1,0,,,,,,,0,,,0,,,,,,,4,1,0.31917080325409,0.463170239634852,,,,,5,1.33602447492013,5,1.50392419801737,,,,,,,,,3,2,3,-0.137242382360672,,,,,,,-0.557350770119123,0,,0.31917080325409
114,"Chinese","",,,,,,,24,115,,5,5,5,5,5,5,5,5,5,5,5,5,1,1,1,,,,,,,4,1,0,0,1,1,1,1,1,3,,1,,,5,4.5,,4.5,,,1,0,,,,,,,0,,,0,,,,,,,5,1,0.77937056608557,0.463170239634852,,,,,5,1.33602447492013,4.5,1.19542692662919,1,,,0.582575265003535,,0.582575265003535,,1.75084325162702,4,3,4,1.64691449000083,,,,,,,-0.557350770119123,0,1.16670925831528,0.77937056608557
115,"Manchu","",,,,,,,50,125.5,388.5614329,1,4,5,5,2,4,4,2,5,3,2,,,,,4,,,,,,,1,0,0,0,0,0,0,1,2,,,,,5,5,,5,,,1,0,,,,,,,0,,,1,,,,,,,1,1,-1.06142848524035,0.463170239634852,,,,,5,1.33602447492013,5,1.50392419801737,0,,,-1.70611327608178,,-1.70611327608178,,,4,2,2,0.554045142009549,,,,,,,,0,-1.70611327608178,-1.06142848524035
116,"Koreans","Koreanic",3.875,3.5,4,3.75,3,3.875,37.6,126.42,41.05909156,5,5,5,5,4,5,4,5,5,5,5,3,1,1,1,,2,4,1,1,1,4,1,0,0,1,0,1,1,1,3,4,,-1.559063471,-0.861996448,5,5,2,5,2,3,1,0,1,0,0,1,2,0,0,1,0,0,"Intensive Agriculture",1,0,0,0,0,4,1,0.31917080325409,0.463170239634852,4,1,-1.18076445268681,0.809916540076,5,1.33602447492013,5,1.50392419801737,1,0.0214552747212978,1.70179587004312,0.582575265003535,0.790802186649041,0.774157149104247,-0.563808453733909,,4,3,4,1.49046711758386,0,-1.559063471,0.861996448,3,-0.979511241624492,0.979511241624492,-0.557350770119123,0,0.105174347685169,-0.0172257031189069
117,"Japanese","Japonic",3.75,3.75,3.75,3.75,3.25,4,35,136,222.55,1,5,5,5,5,5,5,5,5,5,5,5,2,2,2,4,,,,,,4,1,0,0,1,1,1,1,1,3,,1,,,0,1,2,0,1,,0,0,1,0,0,1,2,0,0,1,0,0,"Intensive Agriculture",1,0,0,0,0,5,1,0.77937056608557,0.463170239634852,,,,,,,1,-0.964053973088056,1,-0.986942637179703,,0.582575265003535,,-0.202183686088084,-0.563808453733909,1.75084325162702,4,3,4,1.64691449000083,0,,,,,,-0.557350770119123,0,0.32828370393501,0.77937056608557
118,"Ainu","Ainu",2.75,,2.75,1.25,,2.75,42.83,143,176.7201073,2,2,3,2,1,3,1,1,1,2,1,2,1,1,1,,2,1,1,1,1,2,2,0,0,1,0,0,0,1,4,4,0,-1.559063471,-0.861996448,1,2,1,2,2,2,0,1,1,0,0,1,2,0,1,1,0,0,"Hunter Gatherer",0,0,1,0,0,2,1,-0.601228722408868,0.463170239634852,4,4,1.11767016895546,0.809916540076,1,-1.06511652158111,2,-0.3470594303117,1,0.0214552747212978,0.490161270012419,0.582575265003535,0.790802186649041,0.471248499096573,-1.4238552475653,-0.563830877642601,2,2,1,-0.741106251812023,0,-1.559063471,0.861996448,3,-0.979511241624492,0.979511241624492,-0.557350770119123,0,-0.505479208703774,0.442119328874196
119,"Gilyak","Nivkh",3.875,3,2.25,3.125,2.25,3.5,51.54,140,47.87,1,1,2,1,1,4,3,3,1,2,1,1,2,2,2,2,4,2,4,2,1,1,3,0,0,0,0,0,0,1,4,,,-0.327403329,0.477176605,1,3.75,3,3.75,4,2,1,0,0,0,0,2,1,0,0,1,0,1,"Hunter Gatherer",0,0,1,0,0,1,1,-1.06142848524035,0.463170239634852,1,3,0.3515252950747,-1.59020198722239,1,-1.06511652158111,3.75,0.732681019546922,1,2.0382510985233,0.490161270012419,0.582575265003535,,1.03699587784642,0.296238340097478,,1,2,2,-0.674908023168511,0,-0.327403329,-0.477176605,1,1.39338923104329,-1.39338923104329,-0.557350770119123,1,0.666617108971948,-0.766701725796013
120,"Yukaghir","",,,,,,,64.75,153.5,339.3783493,1,2,1,1,1,4,3,1,1,2,1,1,,,,,,,,,,1,2,0,0,0,0,0,0,0,4,3,,,,5,1.25,,5,,,0,0,,,,,,,0,,,0,,,,,,,0,0,-1.52162824807183,-2.14742565648886,,,,,5,1.33602447492013,1.25,-0.809805337393967,1,,,0.582575265003535,-0.174712111003858,0.203931576999839,,,1,2,1,-0.766273978930398,,,,,,,,0,0.203931576999839,-1.52162824807183
121,"Chukchee","Chukotko-Kamchatkan",1,1.25,2.25,1,1,2.75,66,177,93.25,2,1,2,1,1,4,3,1,1,2,2,1,3,3,3,1,,,,,,1,3,0,0,0,0,0,0,1,4,4,0,,,1.25,4.5,3,4.5,2,1,0,0,1,0,0,1,2,0,0,1,0,0,"Other",0,0,0,0,1,1,1,-1.06142848524035,0.463170239634852,,,,,1.25,-0.91504520929978,4.5,1.19542692662919,1,0.0214552747212978,-0.721473330018279,0.582575265003535,0.790802186649041,0.168339849088899,0.296238340097478,-0.563830877642601,1,2,1,-0.701792970571946,0,,,,,,-0.557350770119123,1,-0.0330842294854082,-1.06142848524035
122,"Ingalik","",,,,,,,62.5,-159.5,107.0482749,1,2,3,1,1,2,1,4,1,2,2,1,2,2,2,,4,4,3,1,1,1,3,0,0,0,0,0,0,0,4,4,,-1.559063471,-0.861996448,1.5,1.75,,1.75,,,0,0,,,,,,,0,,,0,,,,,,,0,0,-1.52162824807183,-2.14742565648886,2,1,-1.18076445268681,-0.790162478122927,1.5,-0.764973897018453,1.75,-0.501308066005789,1,,,0.582575265003535,0.790802186649041,0.686688725826288,,,1,2,3,-0.548636322545243,,-1.559063471,0.861996448,1,1.39338923104329,-1.39338923104329,-0.557350770119123,1,0.686688725826288,-1.16418505962719
123,"Aleut","",,,,,,,55,-162.85,,1,1,3,1,3,1,1,1,3,3,4,1,2,2,2,1,,,,,,1,3,0,0,0,0,0,0,0,4,4,,,,5,5,,5,3,,0,0,,,,,,,0,,,0,,,,,,,0,0,-1.52162824807183,-2.14742565648886,,,,,5,1.33602447492013,5,1.50392419801737,1,1.0298531866223,,0.582575265003535,0.790802186649041,0.801076879424958,,,1,1,1,-0.47489388119288,,,,,,,-0.557350770119123,1,0.801076879424958,-1.52162824807183
124,"Copper Eskimo","Eskimo-Aleut",1.25,1.125,1,1.25,,2,68.58,-106.61,32.76,2,1,2,1,1,4,3,1,1,1,1,1,1,1,1,,4,4,4,3,1,1,2,0,0,0,0,0,0,0,4,4,,0.904256813,1.816349659,1,1,4,1,4,2,0,0,1,0,0,0,,0,0,0,0,0,"Hunter Gatherer",0,0,1,0,0,0,0,-1.52162824807183,-2.14742565648886,1,1,-1.18076445268681,-1.59020198722239,1,-1.06511652158111,1,-0.964053973088056,1,2.0382510985233,0.490161270012419,0.582575265003535,0.790802186649041,0.975447455047074,1.15628513392886,,1,2,1,-0.854695805064022,0,0.904256813,-1.816349659,1,1.39338923104329,-1.39338923104329,-0.557350770119123,0,1.06586629448797,-1.43086489599368
125,"Montagnais","",,,,,,,50,-74,419.2611996,2,3,2,1,2,1,1,1,1,2,1,1,1,1,1,2,,,,,,1,2,0,0,0,0,0,0,0,4,4,1,,,1,1,,1,3,,0,0,,,,,,,0,,,0,,,,,,,0,0,-1.52162824807183,-2.14742565648886,,,,,1,-1.06511652158111,1,-0.964053973088056,1,1.0298531866223,,0.582575265003535,0.790802186649041,0.801076879424958,,1.75084325162702,1,1,1,-0.892512336707069,,,,,,,-0.557350770119123,0,1.27596006552599,-1.52162824807183
126,"Micmac","",,,,,,,46.99,-65,12.90899354,2,3,2,1,1,1,1,4,1,2,1,2,2,2,2,,,,,,,2,,0,0,0,0,0,0,0,4,3,,,,5,1,,5,2,2,0,0,,,,,,,0,,,0,,,,,,,0,0,-1.52162824807183,-2.14742565648886,,,,,5,1.33602447492013,1,-0.964053973088056,1,0.0214552747212978,0.490161270012419,0.582575265003535,-0.174712111003858,0.229869924683348,,,1,1,3,-0.773628083525124,,,,,,,-0.557350770119123,,0.229869924683348,-1.52162824807183
127,"Saulteaux","",,,,,,,52.28,-96.78,,1,3,2,2,2,1,3,3,1,2,1,1,1,1,1,2,4,4,1,1,1,1,2,0,0,0,0,0,0,0,4,4,,0.904256813,-0.861996448,1,1,,1,,,1,0,,,,,,,0,,,0,,,,,,,0,0,-1.52162824807183,-2.14742565648886,4,1,-1.18076445268681,0.809916540076,1,-1.06511652158111,1,-0.964053973088056,1,,,0.582575265003535,0.790802186649041,0.686688725826288,,,2,1,2,-0.561203962179443,,0.904256813,0.861996448,1,1.39338923104329,-1.39338923104329,-0.557350770119123,0,0.686688725826288,-0.630825386894213
128,"Slave","",,,,,,,62,-122,210.7982845,1,1,3,2,1,1,3,3,1,2,1,1,2,2,2,,4,2,1,2,1,1,2,0,0,0,0,0,0,0,4,4,,0.904256813,0.477176605,1,1,,1,,2,0,0,,,,,,,0,,,0,,,,,,,0,0,-1.52162824807183,-2.14742565648886,4,3,0.3515252950747,0.809916540076,1,-1.06511652158111,1,-0.964053973088056,1,,0.490161270012419,0.582575265003535,0.790802186649041,0.621179573888332,,,2,1,2,-0.704795395634132,,0.904256813,-0.477176605,1,1.39338923104329,-1.39338923104329,-0.557350770119123,0,0.621179573888332,-0.120062137640376
129,"Kaska","",,,,,,,60,-131,1376.605256,2,1,2,1,1,1,3,1,1,2,1,1,1,1,1,1,,,,,,1,3,0,0,0,0,0,0,0,4,4,,,,1,1,,1,2,2,0,1,,,,,,,1,,,1,,,,,,,0,0,-1.52162824807183,-2.14742565648886,,,,,1,-1.06511652158111,1,-0.964053973088056,1,0.0214552747212978,0.490161270012419,0.582575265003535,0.790802186649041,0.471248499096573,,,1,1,1,-0.930648117124324,,,,,,,-0.557350770119123,1,0.471248499096573,-1.52162824807183
130,"Eyak","Athapaskan-Eyak-Tlingit",2.75,,2.75,3.25,3.25,4,60.5,-145,122.9807718,1,1,3,1,1,2,1,1,1,3,2,2,1,1,1,,3,4,2,1,1,2,4,0,0,0,0,0,0,0,4,4,,,-0.861996448,2.5,1,1,2.5,1,,0,1,0,2,0,0,,0,1,0,0,0,"Hunter Gatherer",0,0,1,0,0,0,0,-1.52162824807183,-2.14742565648886,3,1,-1.18076445268681,0.00987703097653663,2.5,-0.164688647893145,1,-0.964053973088056,1,-0.986942637179703,,0.582575265003535,0.790802186649041,0.128811604824291,-1.4238552475653,,1,2,1,-0.722690183048252,0,,0.861996448,2,0.206938994709399,-0.206938994709399,-0.557350770119123,1,-0.647521821370502,-0.8975052232607
131,,,,,,,,,,,,3,3,3,,2,4,1,2,1,2,4,1,1,1,1,2,,,,,,1,3,,,,,,,,,,,,,0,0,1,8,,1,0,1,0,2,0,0,,0,1,0,0,1,,,,,,,0,0,-1.52162824807183,-2.14742565648886,,,,,,,,,,,-0.721473330018279,,,-0.721473330018279,-1.4238552475653,,,2,2,-0.226257342140645,0,,,,,,-0.557350770119123,1,-1.07266428879179,-1.52162824807183
132,"Bellacoola","Salishan",3.75,3.875,2.75,2.25,3,4,52.33,-126.5,1371.424221,1,2,5,1,1,1,1,3,2,2,4,1,2,2,2,,3,3,2,1,1,1,,0,0,0,0,0,0,0,4,3,0,0.904256813,-0.861996448,2.5,2.25,1,2.5,1,1,0,0,1,0,0,1,2,0,0,1,0,0,"Hunter Gatherer",0,0,1,0,0,0,0,-1.52162824807183,-2.14742565648886,3,2,-0.414619578806056,0.00987703097653663,2.5,-0.164688647893145,2.25,-0.192810794617611,1,-0.986942637179703,-0.721473330018279,0.582575265003535,-0.174712111003858,-0.325138203299576,-1.4238552475653,-0.563830877642601,1,1,2,-0.474872459172776,0,0.904256813,0.861996448,2,0.206938994709399,-0.206938994709399,-0.557350770119123,,-0.770941442835824,-0.642123598633782
133,"Twana","",,,,,,,47.43,-123.25,289.9366419,3,2,2,1,1,3,1,4,4,2,2,1,1,1,1,2,,,,,,1,3,0,0,0,0,0,0,0,2,,0,,,2.25,1.5,,3,1,1,0,0,,,,,,,0,,,0,,,,,,,0,0,-1.52162824807183,-2.14742565648886,,,,,2.25,-0.314759960174472,1.5,-0.655556701699878,0,-0.986942637179703,-0.721473330018279,-1.70611327608178,,-1.13817641442659,,-0.563830877642601,1,2,3,-0.420222443906219,,,,,,,-0.557350770119123,1,-0.851003646034594,-1.52162824807183
134,"Yurok","",,,,,,,41.4,-123.89,,3,3,5,1,1,1,1,1,2,1,2,1,1,1,1,,4,3,3,2,1,1,2,0,0,0,0,0,0,0,4,,0,0.904256813,0.477176605,3,3,,3,,1,0,0,,,,,,,0,,,0,,,,,,,0,0,-1.52162824807183,-2.14742565648886,2,2,-0.414619578806056,-0.790162478122927,3,0.13545397666951,3,0.269935112464656,1,,-0.721473330018279,0.582575265003535,,-0.0694490325073722,,-0.563830877642601,1,1,1,-0.72319541053481,,0.904256813,-0.477176605,1,1.39338923104329,-1.39338923104329,-0.557350770119123,0,-0.316639955074986,-0.90880343500027
135,"Pomo (Eastern)","",,,,,,,39,-123,412.392426,2,3,3,1,3,1,1,4,2,2,2,1,2,2,2,2,,,,,,1,2,0,0,0,0,0,0,0,4,4,,,,2.5,2.25,,2.25,1,1,0,0,,,,,,,0,,,0,,,,,,,0,0,-1.52162824807183,-2.14742565648886,,,,,2.5,-0.164688647893145,2.25,-0.192810794617611,1,-0.986942637179703,-0.721473330018279,0.582575265003535,0.790802186649041,-0.0837596288863517,,,1,1,3,-0.433609893977027,,,,,,,-0.557350770119123,0,-0.0837596288863517,-1.52162824807183
136,"Yokuts (Lake)","",,,,,,,35,-119.5,914.232732,3,1,3,1,3,1,1,4,3,2,2,1,1,1,1,,2,3,3,2,1,1,3,0,1,0,0,0,0,0,4,4,0,0.904256813,0.477176605,0,0,,0,,,1,0,,,,,,,0,,,1,,,,,,,1,1,-1.06142848524035,0.463170239634852,2,2,-0.414619578806056,-0.790162478122927,,,,,1,,,0.582575265003535,0.790802186649041,0.686688725826288,,-0.563830877642601,1,1,3,-0.505682426947138,,0.904256813,-0.477176605,3,-0.979511241624492,0.979511241624492,-0.557350770119123,1,0.0614289240918436,-0.755403514056443
137,"Paiute (North.)","",,,,,,,43.5,-119,1373.816377,2,2,2,1,2,1,1,1,1,2,1,1,1,1,1,1,,,,,,1,3,0,0,0,0,0,0,0,4,3,,,,4.5,1,,4.5,2,2,0,0,,,,,,,0,,,0,,,,,,,0,0,-1.52162824807183,-2.14742565648886,,,,,4.5,1.03588185035747,1,-0.964053973088056,1,0.0214552747212978,0.490161270012419,0.582575265003535,-0.174712111003858,0.229869924683348,,,1,1,1,-0.960665955102441,,,,,,,-0.557350770119123,1,0.229869924683348,-1.52162824807183
138,"Klamath","Klamath-Modoc",2.125,2.75,1.5,2,3,3.625,42.63,-121.67,1453.211911,3,2,2,1,1,1,1,1,1,2,2,1,1,1,1,,,1,1,1,1,1,3,0,0,0,0,0,1,0,4,3,,-0.327403329,-0.861996448,4.5,4,2,4.5,2,2,0,0,1,0,0,1,2,0,0,1,0,0,"Hunter Gatherer",0,0,1,0,0,1,1,-1.06142848524035,0.463170239634852,4,4,1.11767016895546,0.809916540076,4.5,1.03588185035747,4,0.886929655241011,1,0.0214552747212978,0.490161270012419,0.582575265003535,-0.174712111003858,0.229869924683348,-0.563808453733909,,1,1,1,-0.963895990658314,0,-0.327403329,0.861996448,,,,-0.557350770119123,1,-0.16696926452528,0.288719407930369
139,"Kutenai","",,,,,,,49,-116.67,1280.403379,3,2,2,1,2,2,2,3,1,2,1,2,2,2,2,2,,,,,,2,2,0,0,0,0,0,0,0,4,,0,,,1.75,1,,1.75,1,1,0,0,,,,,,,0,,,0,,,,,,,0,0,-1.52162824807183,-2.14742565648886,,,,,1.75,-0.614902584737126,1,-0.964053973088056,1,-0.986942637179703,-0.721473330018279,0.582575265003535,,-0.375280234064816,,-0.563830877642601,1,2,2,-0.620052918216474,,,,,,,-0.557350770119123,0,-0.469555555853708,-1.52162824807183
140,"Gros Ventre","",,,,,,,48,-108,798.5379458,2,2,1,1,2,2,3,2,1,3,1,2,4,4,4,,3,4,2,1,3,2,4,0,0,0,0,0,0,0,4,,,-0.327403329,-0.861996448,3.25,1,,3.25,2,1,0,0,,,,,,,0,,,0,,,,,,,0,0,-1.52162824807183,-2.14742565648886,3,1,-1.18076445268681,0.00987703097653663,3.25,0.285525288950837,1,-0.964053973088056,1,0.0214552747212978,-0.721473330018279,0.582575265003535,,-0.0391475967644822,,,1,2,2,-0.514911767548066,,-0.327403329,0.861996448,2,0.206938994709399,-0.206938994709399,1.78352246438119,1,-0.0391475967644822,-0.8975052232607
141,"Hidatsa","Siouan",2,,1.75,1.25,,,47,-101,569.7661938,4,2,3,5,4,2,3,1,1,2,1,1,2,2,2,2,,,,,,1,4,0,0,0,0,0,0,0,4,3,,,,4.75,1,2,4.75,2,2,0,1,0,0,2,0,5,1,1,0,0,0,"Intensive Agriculture",1,0,0,0,0,0,0,-1.52162824807183,-2.14742565648886,,,,,4.75,1.1859531626388,1,-0.964053973088056,1,0.0214552747212978,0.490161270012419,0.582575265003535,-0.174712111003858,0.229869924683348,-0.563808453733909,,4,2,1,-0.157637635492452,1,,,,,,-0.557350770119123,1,-0.16696926452528,-1.52162824807183
142,"Pawnee","Caddoan",2.75,2.25,2.25,2.25,3,,42,-100,789.0104898,2,2,3,4,3,2,3,1,1,3,3,2,2,2,2,,3,4,1,1,1,2,4,0,0,0,0,0,0,0,4,,,-1.559063471,-0.861996448,5,1,4,5,2,4,0,1,0,0,2,0,5,1,1,0,0,0,"Other",0,0,0,0,1,0,0,-1.52162824807183,-2.14742565648886,4,1,-1.18076445268681,0.809916540076,5,1.33602447492013,1,-0.964053973088056,1,0.0214552747212978,2.91343047007381,0.582575265003535,,1.17248700326622,1.15628513392886,,3,2,1,-0.0742979838891817,1,-1.559063471,0.861996448,2,0.206938994709399,-0.206938994709399,-0.557350770119123,1,1.16438606859754,-0.630825386894213
143,"Omaha","",,,,,,,41.43,-96.5,357.8272391,3,2,3,3,5,2,3,1,2,3,1,2,1,1,1,2,,,,,,2,4,0,0,0,0,0,0,0,4,,,,,3.75,3.5,,3.75,1,,1,0,,,,,,,0,,,1,,,,,,,0,0,-1.52162824807183,-2.14742565648886,,,,,3.75,0.585667913513491,3.5,0.578432383852833,1,-0.986942637179703,,0.582575265003535,,-0.202183686088084,,,2,2,1,-0.0699363562897371,,,,,,,-0.557350770119123,1,-0.202183686088084,-1.52162824807183
144,"Huron","Iroquoian",2.25,1.25,2,2.25,1,3.75,44,-78,97.49,3,2,3,4,5,2,1,1,4,4,2,2,2,2,2,,3,4,1,1,1,3,1,0,0,0,0,0,0,0,4,4,0,-0.327403329,-0.861996448,4.5,1.75,4,4.5,4,,0,1,0,0,2,0,5,1,1,0,0,1,"Other",0,0,0,0,1,0,0,-1.52162824807183,-2.14742565648886,4,1,-1.18076445268681,0.809916540076,4.5,1.03588185035747,1.75,-0.501308066005789,1,2.0382510985233,,0.582575265003535,0.790802186649041,1.13720951672529,1.15628513392886,-0.563830877642601,3,2,1,0.108023147316229,1,-0.327403329,0.861996448,2,0.206938994709399,-0.206938994709399,-0.557350770119123,0,0.576554591003852,-0.630825386894213
145,"Creek","",,,,,,,32.93,-86,184.0373376,4,3,3,4,3,3,2,4,2,4,1,3,2,2,2,3,,,,,,3,3,0,0,0,0,0,1,0,4,2,0,,,3.5,2,,3.5,,,0,1,,,,,,,1,,,1,,,,,,,1,1,-1.06142848524035,0.463170239634852,,,,,3.5,0.435596601232164,2,-0.3470594303117,1,,,0.582575265003535,-1.14022640865676,-0.278825571826611,,-0.563830877642601,3,2,3,0.111545730764667,,,,,,,-0.557350770119123,1,-0.421328224734606,-1.06142848524035
146,"Natchez","",,,,,,,31.5,-91.42,75.84794085,3,3,5,4,4,3,1,1,3,4,4,2,2,2,2,,,,,,,2,4,0,1,1,0,0,0,0,,,,,,4.75,1.25,,4.75,,1,0,0,,,,,,,0,,,0,,,,,,,2,1,-0.601228722408868,0.463170239634852,,,,,4.75,1.1859531626388,1.25,-0.809805337393967,,,-0.721473330018279,,,-0.721473330018279,,,3,2,1,0.305636885911794,,,,,,,-0.557350770119123,1,-0.721473330018279,-0.601228722408868
147,"Comanche","",,,,,,,34,-101.5,881.5286822,3,3,1,1,3,1,3,1,1,2,1,1,,,,2,3,4,1,1,1,1,4,0,0,0,0,0,0,0,4,3,0,0.904256813,-0.861996448,5,2,,5,,2,0,0,,,,,,,0,,,0,,,,,,,0,0,-1.52162824807183,-2.14742565648886,4,1,-1.18076445268681,0.809916540076,5,1.33602447492013,2,-0.3470594303117,1,,0.490161270012419,0.582575265003535,-0.174712111003858,0.299341474670699,,-0.563830877642601,1,1,1,-0.715482254182815,,0.904256813,0.861996448,2,0.206938994709399,-0.206938994709399,,1,-0.132244701485951,-0.630825386894213
148,"Chiricahua","",,,,,,,32,-109.5,1513.00633,1,2,1,2,1,2,1,1,1,3,1,1,1,1,1,,3,4,1,2,1,1,4,0,1,0,0,0,0,1,4,,,0.904256813,0.477176605,5,1,,5,1,2,0,0,,,,,,,0,,,0,,,,,,,2,1,-0.601228722408868,0.463170239634852,4,1,-1.18076445268681,0.809916540076,5,1.33602447492013,1,-0.964053973088056,1,-0.986942637179703,0.490161270012419,0.582575265003535,,0.0285979659454168,,,2,2,1,-0.785128276896646,,0.904256813,-0.477176605,2,0.206938994709399,-0.206938994709399,-0.557350770119123,1,0.0285979659454168,-0.32402554500656
149,"Zuni","",,,,,,,35.67,-108.75,2112.141041,1,3,5,5,5,5,4,3,2,2,1,1,1,1,1,2,,,,,,1,1,0,0,0,0,0,0,0,4,3,0,,,2.5,1,,2.5,,,0,1,,,,,,,1,,,1,,,,,,,0,0,-1.52162824807183,-2.14742565648886,,,,,2.5,-0.164688647893145,1,-0.964053973088056,1,,,0.582575265003535,-0.174712111003858,0.203931576999839,,-0.563830877642601,4,3,2,0.515518618742092,,,,,,,-0.557350770119123,0,-0.179949650321381,-1.52162824807183
150,"Havasupai","Cochimi-Yuman",1.625,2,3.125,2,2.75,2.125,35.83,-112.17,1823.548909,2,2,2,5,2,2,2,1,1,2,1,1,1,1,1,,4,4,2,1,1,1,3,0,1,0,0,0,0,0,2,,0,0.904256813,-0.861996448,1,1,4,1,,,0,0,0,0,0,2,1,0,0,1,0,0,"Other",0,0,0,0,1,1,1,-1.06142848524035,0.463170239634852,3,1,-1.18076445268681,0.00987703097653663,1,-1.06511652158111,1,-0.964053973088056,0,,,-1.70611327608178,,-1.70611327608178,1.15628513392886,-0.563830877642601,4,2,1,-0.449949670219122,0,0.904256813,0.861996448,1,1.39338923104329,-1.39338923104329,-0.557350770119123,1,-0.371219673265173,-0.744105302316874
151,"Papago","Uto-Aztecan",3.5,2,2,2.5,2.125,2.875,31,-112,571.02,2,2,3,5,3,2,2,3,4,2,1,1,4,4,4,2,3,4,1,2,1,1,4,0,1,1,0,0,0,1,4,3,,-1.559063471,0.477176605,1,1,4,1,3,2,0,0,0,0,0,2,1,0,0,1,0,0,"Other",0,0,0,0,1,3,1,-0.141028959577389,0.463170239634852,4,1,-1.18076445268681,0.809916540076,1,-1.06511652158111,1,-0.964053973088056,1,1.0298531866223,0.490161270012419,0.582575265003535,-0.174712111003858,0.481969402658599,1.15628513392886,,4,2,2,-0.0261515551131447,0,-1.559063471,-0.477176605,2,0.206938994709399,-0.206938994709399,1.78352246438119,1,0.819127268293731,-0.170625624062733
152,"Huichol","",,,,,,,22,-105,667.0883457,2,2,5,4,3,3,2,3,2,2,2,1,,,,,,,,,,1,2,0,1,1,0,0,1,1,2,,,,,0,0,,8,,,0,0,,,,,,,0,,,0,,,,,,,4,1,0.31917080325409,0.463170239634852,,,,,,,,,0,,,-1.70611327608178,,-1.70611327608178,,,3,2,2,-0.0240292505106455,,,,,,,,0,-1.70611327608178,0.31917080325409
153,"Aztec","",,,,,,,19,-99.17,1612.250082,4,5,5,5,5,5,1,4,5,4,5,3,3,3,3,4,2,4,1,1,1,4,3,1,0,1,0,0,0,1,4,4,1,,-0.861996448,4.5,4.5,,4.5,4,2,0,0,,,,,,,0,,,1,,,,,,,3,1,-0.141028959577389,0.463170239634852,4,1,-1.18076445268681,0.809916540076,4.5,1.03588185035747,4.5,1.19542692662919,1,2.0382510985233,0.490161270012419,0.582575265003535,0.790802186649041,0.975447455047074,,1.75084325162702,4,3,3,1.1276349363847,,,0.861996448,3,-0.979511241624492,0.979511241624492,-0.557350770119123,1,1.36314535333705,-0.170625624062733
154,"Popoluca","Mixe-Zoque",3.25,,3,3,3.75,4,18.25,-94.83,135.7459382,3,1,5,4,4,3,1,3,4,3,1,1,4,4,4,,,,,,,1,4,1,1,1,0,0,1,1,1,1,,,,0,0,,0,1,1,0,0,0,0,0,2,1,0,0,1,0,,"Horticulturalists",0,1,0,0,0,5,1,0.77937056608557,0.463170239634852,,,,,,,,,0,-0.986942637179703,-0.721473330018279,-1.70611327608178,-2.10574070630965,-1.38006748739735,,,3,2,2,0.0392020719220944,0,,,,,,1.78352246438119,1,-1.38006748739735,0.77937056608557
155,"Quiche","",,,,,,,15,-91,1481.195292,3,4,5,4,5,3,2,3,4,3,2,2,4,4,4,4,,,,,,2,1,1,1,1,0,0,1,1,2,,,,,1,1,,1,1,1,1,0,,,,,,,0,,,1,,,,,,,5,1,0.77937056608557,0.463170239634852,,,,,1,-1.06511652158111,1,-0.964053973088056,0,-0.986942637179703,-0.721473330018279,-1.70611327608178,,-1.13817641442659,,,3,2,2,0.468454693456134,,,,,,,1.78352246438119,0,-1.13817641442659,0.77937056608557
156,"Miskito","Misumalpan",3.25,1.25,3,3,,3.25,15,-83,0.013430198,1,1,5,4,3,3,1,3,3,3,1,2,4,4,4,,,,1,1,,2,3,1,1,1,0,0,1,1,4,3,0,,-0.861996448,0,0,1,0,,1,0,0,1,0,1,0,4,1,0,0,0,0,"Hunter Gatherer",0,0,1,0,0,5,1,0.77937056608557,0.463170239634852,4,,,0.809916540076,,,,,1,,-0.721473330018279,0.582575265003535,-0.174712111003858,-0.104536725339534,-1.4238552475653,-0.563830877642601,3,2,2,-0.0966070613853589,1,,0.861996448,,,,1.78352246438119,1,-0.697407616849143,0.794643553080785
157,"Bribri","",,,,,,,9,-83,,1,2,5,4,1,3,1,1,3,2,1,1,3,3,3,2,,,,,,1,3,1,1,1,0,0,1,1,2,,,,,1,1,,1,,1,0,1,,,,,,,1,,,0,,,,,,,5,1,0.77937056608557,0.463170239634852,,,,,1,-1.06511652158111,1,-0.964053973088056,0,,-0.721473330018279,-1.70611327608178,,-1.21379330305003,,,3,2,1,-0.351390083859138,,,,,,,-0.557350770119123,1,-1.21379330305003,0.77937056608557
158,"Cuna (Tule)","",,,,,,,9.25,-78.5,115.213918,,3,5,4,4,4,1,3,4,3,2,2,4,4,4,,3,3,2,1,1,2,2,1,1,1,0,0,1,1,,,,-0.327403329,-0.861996448,1.5,1.25,,1.625,,,0,0,,,,,,,0,,,0,,,,,,,5,1,0.77937056608557,0.463170239634852,3,2,-0.414619578806056,0.00987703097653663,1.5,-0.764973897018453,1.25,-0.809805337393967,,,,,,,,,3,2,2,0.243853702643786,,-0.327403329,0.861996448,2,0.206938994709399,-0.206938994709399,1.78352246438119,0,,0.12487600608535
159,"Goajiro","Arawakan",3.75,3.25,3.75,,,,11.92,-71.75,53.81142977,2,2,1,2,1,3,2,3,1,3,2,1,3,3,3,2,,1,4,,1,1,4,1,1,1,0,1,0,1,4,4,0,0.904256813,,1,3.25,4,3.25,2,2,0,1,0,2,0,0,,0,1,0,0,0,"Pastoralists",0,0,0,1,0,5,1,0.77937056608557,0.463170239634852,1,4,1.11767016895546,-1.59020198722239,1,-1.06511652158111,3.25,0.424183748158744,1,0.0214552747212978,0.490161270012419,0.582575265003535,0.790802186649041,0.471248499096573,1.15628513392886,-0.563830877642601,2,2,2,-0.53668159870116,0,0.904256813,,,,,-0.557350770119123,1,0.354567585127612,0.102279582606211
160,"Haitians","Indo-European",3.875,3.875,3,3,2.25,4,18.83,-72.17,411.996407,1,5,5,4,5,4,2,5,5,5,5,4,4,4,4,,,,,,,3,4,0,1,1,1,1,1,1,3,,1,,,0,0,4,0,2,4,0,0,0,0,0,0,,0,0,0,0,0,"Intensive Agriculture",1,0,0,0,0,6,1,1.23957032891705,0.463170239634852,,,,,,,,,1,0.0214552747212978,2.91343047007381,0.582575265003535,,1.17248700326622,1.15628513392886,1.75084325162702,3,2,4,1.165451761256,0,,,,,,1.78352246438119,1,1.35987179627403,1.23957032891705
161,"Callinago","",,,,,,,15.41,-61.27,,3,2,4,5,3,3,1,1,3,2,2,1,2,2,2,2,,,,,,1,4,1,0,1,1,1,1,1,,,,,,5,8,,5,,1,0,1,,,,,,,1,,,1,,,,,,,6,1,1.23957032891705,0.463170239634852,,,,,5,1.33602447492013,,,,,-0.721473330018279,,,-0.721473330018279,,,4,2,1,-0.137853916444492,,,,,,,-0.557350770119123,1,-0.721473330018279,1.23957032891705
162,"Warrau","Warao",2.125,1,2,2.875,2,2.5,9,-62,56.78,1,2,2,2,1,3,1,1,1,2,1,1,4,4,4,,,4,3,3,1,1,4,1,1,1,0,1,1,1,1,1,,-1.559063471,1.816349659,1,1,4,1,,,0,0,0,0,2,0,5,1,0,0,0,0,"Hunter Gatherer",0,0,1,0,0,6,1,1.23957032891705,0.463170239634852,2,1,-1.18076445268681,-0.790162478122927,1,-1.06511652158111,1,-0.964053973088056,0,,,-1.70611327608178,-2.10574070630965,-1.90592699119572,1.15628513392886,,2,2,1,-0.805396484634898,1,-1.559063471,-1.816349659,,,,1.78352246438119,1,-0.374820928633427,-0.24378553396423
163,"Yanomamo","",,,,,,,2.42,-65,371.9399212,3,1,4,4,2,1,1,1,1,2,1,1,1,1,1,2,,,,,,1,4,1,0,1,0,1,0,0,4,2,0,,,5,5,,5,,,0,0,,,,,,,0,,,1,,,,,,,3,1,-0.141028959577389,0.463170239634852,,,,,5,1.33602447492013,5,1.50392419801737,1,,,0.582575265003535,-1.14022640865676,-0.278825571826611,,-0.563830877642601,3,1,1,-0.701239665853262,,,,,,,-0.557350770119123,1,-0.421328224734606,-0.141028959577389
164,"Carib (Barama)","Cariban",2.5,2.125,2.625,2.875,2.5,3,7.42,-60.17,123.7962262,1,2,4,3,1,2,1,1,1,2,1,1,2,2,2,,3,,,3,1,1,2,1,1,1,1,1,1,1,4,4,,0.904256813,1.816349659,1,1,3,1,2,1,0,0,2,0,0,0,3,0,0,0,1,0,"Hunter Gatherer",0,0,1,0,0,7,1,1.69977009174853,0.463170239634852,,,,,1,-1.06511652158111,1,-0.964053973088056,1,0.0214552747212978,-0.721473330018279,0.582575265003535,0.790802186649041,0.168339849088899,0.296238340097478,,2,2,1,-0.610482871656213,1,0.904256813,-1.816349659,2,0.206938994709399,-0.206938994709399,-0.557350770119123,0,0.232289094593188,1.69977009174853
165,"Saramacca","Indo-European",4,2.75,3,3,3,4,3.5,-55.75,238.9938542,1,3,5,4,2,2,1,1,3,4,1,3,,,,3,,,,,,3,4,1,0,1,1,1,0,0,4,3,,,,1,2,2,2,2,,0,1,1,1,0,0,,0,1,0,0,1,"Other",0,0,0,0,1,4,1,0.31917080325409,0.463170239634852,,,,,1,-1.06511652158111,2,-0.3470594303117,1,0.0214552747212978,,0.582575265003535,-0.174712111003858,0.143106142906992,-0.563808453733909,,3,2,1,-0.0425451548546894,0,,,,,,,1,-0.210351155413458,0.31917080325409
166,"Mundurucu","",,,,,,,-6.5,-56.5,,2,1,5,4,2,3,1,1,1,2,1,1,1,1,1,,3,4,1,1,1,1,3,1,1,1,0,1,1,0,2,,0,-0.327403329,-0.861996448,0,0,,0,,,1,0,,,,,,,0,,,0,,,,,,,5,1,0.77937056608557,0.463170239634852,4,1,-1.18076445268681,0.809916540076,,,,,0,,,-1.70611327608178,,-1.70611327608178,,-0.563830877642601,3,2,1,-0.476438680408956,,-0.327403329,0.861996448,2,0.206938994709399,-0.206938994709399,-0.557350770119123,1,-1.13497207686219,0.13617421782492
167,"Cubeo (Tucano)","",,,,,,,1.25,-70.5,206.5130927,3,1,5,4,1,2,1,1,1,2,2,1,1,1,1,2,,,,,,1,2,1,0,1,0,0,0,0,2,,0,,,3.75,3.5,,3.75,,2,1,0,,,,,,,0,,,1,,,,,,,2,1,-0.601228722408868,0.463170239634852,,,,,3.75,0.585667913513491,3.5,0.578432383852833,0,,0.490161270012419,-1.70611327608178,,-0.607976003034681,,-0.563830877642601,3,2,1,-0.479668715964829,,,,,,,-0.557350770119123,0,-0.585903440338641,-0.601228722408868
168,"Cayapa","Barbacoan",3.375,,2.625,3.375,3.125,3,1,-79,890.2215043,1,1,5,4,4,3,1,1,2,2,1,1,1,1,1,,2,4,4,3,1,1,1,1,1,1,0,0,1,0,1,1,,0.904256813,1.816349659,1,1,1,1,1,1,0,0,1,0,0,1,2,0,0,1,0,0,"Other",0,0,0,0,1,4,1,0.31917080325409,0.463170239634852,1,1,-1.18076445268681,-1.59020198722239,1,-1.06511652158111,1,-0.964053973088056,0,-0.986942637179703,-0.721473330018279,-1.70611327608178,-2.10574070630965,-1.38006748739735,-1.4238552475653,,3,2,1,-0.269055117614683,0,0.904256813,-1.816349659,3,-0.979511241624492,0.979511241624492,-0.557350770119123,0,-1.40196136748132,-0.81726521221837
169,"Jivaro","",,,,,,,-3,-78,,1,1,4,4,1,3,1,1,1,1,1,1,1,1,1,1,4,1,1,2,1,1,4,1,1,1,1,0,1,1,1,1,0,0.904256813,0.477176605,0,0,,5,1,1,0,0,,,,,,,0,,,0,,,,,,,6,1,1.23957032891705,0.463170239634852,4,4,1.11767016895546,0.809916540076,,,,,0,-0.986942637179703,-0.721473330018279,-1.70611327608178,-2.10574070630965,-1.38006748739735,,-0.563830877642601,3,2,1,-0.69686178327978,,0.904256813,-0.477176605,1,1.39338923104329,-1.39338923104329,-0.557350770119123,1,-0.971949182519978,1.0557190126495
170,"Amahuaca","",,,,,,,-10.33,-72.25,378.9754301,1,1,4,4,1,3,1,1,1,1,1,1,1,1,1,,,,,,,1,4,1,1,0,1,0,1,0,1,1,,,,4.25,4.75,,4.75,,,0,0,,,,,,,0,,,0,,,,,,,4,1,0.31917080325409,0.463170239634852,,,,,4.25,0.885810538076145,4.75,1.34967556232328,0,,,-1.70611327608178,-2.10574070630965,-1.90592699119572,,,3,2,1,-0.69686178327978,,,,,,,-0.557350770119123,1,-1.90592699119572,0.31917080325409
171,"Inca","",,,,,,,-13.5,-72,3865.750051,1,3,5,5,2,5,2,1,3,5,5,5,2,2,2,4,,,,,,4,3,1,0,1,0,0,0,1,4,4,,,,5,5,,5,1,,0,0,,,,,,,0,,,0,,,,,,,3,1,-0.141028959577389,0.463170239634852,,,,,5,1.33602447492013,5,1.50392419801737,1,-0.986942637179703,,0.582575265003535,0.790802186649041,0.128811604824291,,,4,3,1,0.627107704314748,,,,,,,-0.557350770119123,1,0.128811604824291,-0.141028959577389
172,"Aymara","Aymaran",3.75,3.75,3,1.75,2.25,3.25,-16,-65.75,334.2467435,1,3,5,5,4,4,2,1,5,3,2,,4,4,4,,2,1,1,1,1,,1,1,1,1,0,0,1,1,4,4,1,-1.559063471,-0.861996448,1,1.5,4,1.5,,4,1,0,0,0,0,2,1,0,0,1,0,0,"Horticulturalists",0,1,0,0,0,5,1,0.77937056608557,0.463170239634852,4,4,1.11767016895546,0.809916540076,1,-1.06511652158111,1.5,-0.655556701699878,1,,2.91343047007381,0.582575265003535,0.790802186649041,1.4289359739088,1.15628513392886,1.75084325162702,4,2,1,0.364065155393125,0,-1.559063471,0.861996448,3,-0.979511241624492,0.979511241624492,1.78352246438119,0,1.44535478648823,0.902319091705675
173,,,,,,,,,,,,1,1,2,,1,2,1,1,1,2,1,1,2,2,2,2,,,,,,1,4,,,,,,,,,,,,,1,1,1,1,1,2,0,0,0,0,2,0,5,1,0,0,0,1,,,,,,,0,0,-1.52162824807183,-2.14742565648886,,,,,1,-1.06511652158111,1,-0.964053973088056,,-0.986942637179703,0.490161270012419,,,-0.248390683583642,-1.4238552475653,,,2,1,-0.862295589060274,1,,,,,,-0.557350770119123,1,-0.836122965574469,-1.52162824807183
174,"Nambicuara","",,,,,,,-13,-58.75,474.4098809,1,1,2,3,1,3,1,1,1,2,1,1,1,1,1,,2,2,2,3,1,1,3,1,1,1,0,0,0,0,2,,,0.904256813,1.816349659,4,5,,5,,2,0,0,,,,,,,0,,,0,,,,,,,3,1,-0.141028959577389,0.463170239634852,3,3,0.3515252950747,0.00987703097653663,4,0.735739225794818,5,1.50392419801737,0,,0.490161270012419,-1.70611327608178,,-0.607976003034681,,,2,2,1,-0.807216955697337,,0.904256813,-1.816349659,3,-0.979511241624492,0.979511241624492,-0.557350770119123,1,-0.607976003034681,0.0734577888246158
175,"Trumai","",,,,,,,-11.83,-53.67,322.4355063,1,1,5,4,1,3,1,1,1,2,1,1,1,1,1,2,,,,,,1,3,1,1,1,1,0,0,0,1,1,0,,,2.25,0,,2.25,,1,0,0,,,,,,,0,,,0,,,,,,,4,1,0.31917080325409,0.463170239634852,,,,,2.25,-0.314759960174472,,,0,,-0.721473330018279,-1.70611327608178,-2.10574070630965,-1.51110910413657,,-0.563830877642601,3,2,1,-0.548013109895777,,,,,,,-0.557350770119123,1,-1.03746999088959,0.31917080325409
176,"Timbira","",,,,,,,-6.5,-46,430.4605752,3,2,4,4,3,3,1,1,2,2,1,1,1,1,1,,4,4,1,2,3,1,2,1,1,1,1,1,0,1,,,0,,0.477176605,2.25,1,,2.25,,,0,1,,,,,,,1,,,1,,,,,,,6,1,1.23957032891705,0.463170239634852,4,1,-1.18076445268681,0.809916540076,2.25,-0.314759960174472,1,-0.964053973088056,,,,,,,,-0.563830877642601,3,2,1,-0.336766161529006,,,-0.477176605,1,1.39338923104329,-1.39338923104329,-0.557350770119123,0,-0.563830877642601,0.289574138768746
177,"Tupinamba","",,,,,,,-22.79,-44.5,,3,1,4,4,4,3,1,1,1,3,2,2,2,2,2,2,,,,,,2,4,1,1,1,1,1,0,1,4,3,,,,5,5,,5,,1,0,0,,,,,,,0,,,0,,,,,,,6,1,1.23957032891705,0.463170239634852,,,,,5,1.33602447492013,5,1.50392419801737,1,,-0.721473330018279,0.582575265003535,-0.174712111003858,-0.104536725339534,,,3,2,1,-0.244677219766115,,,,,,,-0.557350770119123,1,-0.104536725339534,1.23957032891705
178,"Botocudo","",,,,,,,-19,-42.5,449.1006891,1,1,1,1,1,1,1,1,1,2,1,1,,,,,,,,,,1,4,1,1,1,1,1,1,1,,,,,,0,4.25,,4.25,,,0,0,,,,,,,0,,,0,,,,,,,7,1,1.69977009174853,0.463170239634852,,,,,,,4.25,1.0411782909351,,,,,,,,,1,1,1,-1.16468423580751,,,,,,,,1,,1.69977009174853
179,,,,,,,,,,,,1,1,2,,3,1,1,1,1,2,1,1,1,1,1,2,3,1,,3,2,1,4,,,,,,,,,,,0.904256813,1.816349659,1,4,1,4,,1,1,0,0,0,2,0,5,1,0,0,0,0,,,,,,,0,0,-1.52162824807183,-2.14742565648886,,4,1.11767016895546,,1,-1.06511652158111,4,0.886929655241011,,,-0.721473330018279,,,-0.721473330018279,-1.4238552475653,,,1,1,-0.881586582002262,1,0.904256813,-1.816349659,2,0.206938994709399,-0.206938994709399,-0.557350770119123,1,-1.07266428879179,-0.201979039558186
180,"Aweikoma","",,,,,,,-28,-50,998.6653611,1,1,1,1,1,2,1,1,1,1,1,1,1,1,1,,4,1,1,3,1,1,4,1,1,1,1,0,0,1,2,,0,0.904256813,1.816349659,1,0,,0,,2,0,0,,,,,,,0,,,0,,,,,,,5,1,0.77937056608557,0.463170239634852,4,4,1.11767016895546,0.809916540076,1,-1.06511652158111,,,0,,0.490161270012419,-1.70611327608178,,-0.607976003034681,,-0.563830877642601,1,2,1,-1.08873192374721,,0.904256813,-1.816349659,1,1.39338923104329,-1.39338923104329,-0.557350770119123,1,-0.585903440338641,0.902319091705675
181,"Cayua","",,,,,,,-23.5,-55,,1,1,2,3,1,3,1,1,1,2,1,1,,,,2,,,,,,1,2,1,0,1,0,0,0,1,2,,,,,0,0,,0,,,0,0,,,,,,,0,,,0,,,,,,,3,1,-0.141028959577389,0.463170239634852,,,,,,,,,0,,,-1.70611327608178,,-1.70611327608178,,,2,2,1,-0.807216955697337,,,,,,,,0,-1.70611327608178,-0.141028959577389
182,"Lengua","Lengua-Mascoy",2.25,1,1.75,1.75,,3,-23,-58.5,90.89928307,3,2,1,3,2,3,2,1,1,2,1,1,2,2,2,,,,,,,1,3,1,1,1,0,0,0,1,4,,,,,4,1,4,4,,,0,0,1,0,1,0,4,1,0,0,0,0,"Hunter Gatherer",0,0,1,0,0,4,1,0.31917080325409,0.463170239634852,,,,,4,0.735739225794818,1,-0.964053973088056,1,,,0.582575265003535,,0.582575265003535,1.15628513392886,,2,2,1,-0.646906197707865,1,,,,,,-0.557350770119123,1,0.869430199466199,0.31917080325409
183,"Abipon","",,,,,,,-28,-59.5,50.55743102,3,1,1,1,3,3,2,1,1,2,4,1,1,1,1,2,4,1,1,2,1,1,3,0,1,1,0,0,0,1,2,,,0.904256813,0.477176605,5,4,,5,1,1,0,0,,,,,,,0,,,0,,,,,,,3,1,-0.141028959577389,0.463170239634852,4,4,1.11767016895546,0.809916540076,5,1.33602447492013,4,0.886929655241011,0,-0.986942637179703,-0.721473330018279,-1.70611327608178,,-1.13817641442659,,,1,2,1,-0.571118499489441,,0.904256813,-0.477176605,1,1.39338923104329,-1.39338923104329,-0.557350770119123,1,-1.13817641442659,0.595519249818022
184,"Mapuche","Araucanian",3.75,3,2.75,3.75,2.75,4,-38.5,-72.58,190.25,5,2,5,5,1,4,4,3,4,3,2,1,3,3,3,,3,1,1,2,1,1,3,0,1,0,0,0,0,0,4,4,0,0.904256813,0.477176605,1,1,3,1,1,3,1,0,1,0,0,1,2,0,0,1,0,1,"Intensive Agriculture",1,0,0,0,0,1,1,-1.06142848524035,0.463170239634852,4,4,1.11767016895546,0.809916540076,1,-1.06511652158111,1,-0.964053973088056,1,-0.986942637179703,1.70179587004312,0.582575265003535,0.790802186649041,0.522057671128997,0.296238340097478,-0.563830877642601,4,2,2,0.281928771911351,0,0.904256813,-0.477176605,2,0.206938994709399,-0.206938994709399,-0.557350770119123,1,0.0848217111946247,0.288719407930369
185,"Tehuelche","Chonan",1.375,1,1.875,1,1.25,2.75,-40.5,-68,780.0804888,3,1,1,1,2,4,2,1,1,2,1,1,2,2,2,2,,,,,,1,3,0,0,0,0,0,0,0,2,,,,,3,3,4,3,,1,0,0,0,0,0,2,1,0,0,1,0,0,"Hunter Gatherer",0,0,1,0,0,0,0,-1.52162824807183,-2.14742565648886,,,,,3,0.13545397666951,3,0.269935112464656,0,,-0.721473330018279,-1.70611327608178,,-1.21379330305003,1.15628513392886,,1,2,1,-0.847726110769104,0,,,,,,-0.557350770119123,1,-0.0287540845605833,-1.52162824807183
186,"Yahgan","Yamana",3,3.5,3,2.875,3.5,,-55.5,-69.5,241.58,1,1,1,1,1,1,1,1,1,2,1,1,4,4,4,,4,3,4,3,1,1,2,0,0,0,0,0,0,0,1,1,,,1.816349659,2,2.75,4,2.75,1,1,0,0,0,0,0,2,1,0,0,1,0,0,"Hunter Gatherer",0,0,1,0,0,0,0,-1.52162824807183,-2.14742565648886,1,2,-0.414619578806056,-1.59020198722239,2,-0.464831272455799,2.75,0.115686476770567,0,-0.986942637179703,-0.721473330018279,-1.70611327608178,-2.10574070630965,-1.38006748739735,1.15628513392886,,1,1,1,-1.16468423580751,0,,-1.816349659,1,1.39338923104329,-1.39338923104329,1.78352246438119,0,-0.111891176734245,-1.17548327136676
